TYPE	JP	READING	RU	GENDER	ROLE / NOTE	STATUS
CHAR	主人公 / ボス	shujinkou / boss	Шеф / инспектор	не фиксируем	Игровой персонаж, 警視庁の警部. В FC имя задаёт игрок; в тексте избегаем рода.	LOCKED
CHAR	黒木 五郎	Kuroki Gorou	Горо Куроки / Куроки	м	Напарник/подчинённый главного героя в Токио; лёгкий, шутливый характер.	LOCKED
CHAR	猿渡 俊介	Saruwatari Shunsuke	Сюнсукэ Саруватари / Сюн	м	Молодой детектив участка Кусиро, напарник в Хоккайдо; немного упрям.	LOCKED
CHAR	野村 真紀子	Nomura Makiko	Макико Номура	ж	19 лет; героиня; уроженка Хоккайдо, подруга Мэгуми.	LOCKED
CHAR	中山 めぐみ	Nakayama Megumi	Мэгуми Накаяма	ж	Подруга детства Макико; студентка женского университета в Токио.	LOCKED
CHAR	山辺 則之	Yamabe Noriyuki?	Ямабэ	м	Начальник участка Кусиро. Чтение имени 則之 не фиксировать в репликах без подтверждения игрой.	PARTIAL
CHAR	増田 文吉	Masuda Bunkichi	Бункичи Масуда	м	Первая жертва; тело найдено у причала Харуми.	LOCKED
CHAR	高野	Takano	Такано	м	Свидетель, обнаруживший тело Масуды.	LOCKED
CHAR	アケミ	Akemi	Акэми	ж	Популярная хостес в кабаре «Леблан»; не любит полицию.	LOCKED
CHAR	ルナ	Luna	Луна	ж	Хостес «Леблана», обслуживала Масуду.	LOCKED
CHAR	増田 たえ	Masuda Tae	Таэ Масуда	ж	Жена Бункичи. В транскрипции старого мануала встречается たみ, но FC-скрипт прямо даёт ますだ たえ; источник истины — ROM.	LOCKED
CHAR	飯島 幸男	Iijima Yukio	Юкио Иидзима	м	Влиятельный человек из Китахамы; связан с послевоенной аферой.	LOCKED
CHAR	飯島 しんじ	Iijima Shinji	Синдзи Иидзима	м	Сын Юкио Иидзимы.	LOCKED
CHAR	白木 雄九郎	Shiraki Yukurou	Юкуро Сираки	м	Президент крупной токийской торговой компании/супермаркета; связан с послевоенной аферой.	LOCKED
CHAR	坂口 達夫	Sakaguchi Tatsuo	Тацуо Сакагути	м	Секретарь Сираки.	LOCKED
CHAR	奥村 紀助	Okumura Kisuke	Кисукэ Окумура	м	Связан с судном и послевоенной аферой.	LOCKED
CHAR	浦田 甚五郎	Urata Jingorou	Дзингоро Урата / Урата	м	Пожилой заключённый тюрьмы Абасири; знает историю послевоенной аферы.	LOCKED
CHAR	野村 源治 / ゲンさん	Nomura Genji / Gen-san	Гэндзи Номура / Гэн-сан	м	Отец Макико и Юкари; работник «Коропоккури». Не путать с ошибочными пересказами, где его называют другим именем.	LOCKED
CHAR	野村 ゆかり	Nomura Yukari	Юкари Номура	ж	Младшая сестра Макико.	LOCKED
CHAR	野村 安吉	Nomura Yasukichi	Ясукичи Номура	м	Отец Гэндзи; рыбак/судоводитель, погиб в послевоенной катастрофе.	LOCKED
CHAR	阿久津 秀雄	Akutsu Hideo	Хидэо Акуцу	м	Бывший морской офицер, влиятельный политик; ключевая фигура старого дела.	LOCKED
CHAR	小野 とく子	Ono Tokuko	Токуко Оно	ж	25 лет; настоящее имя женщины из отдельного «ложного Сираки»-эпизода.	LOCKED
CHAR	井持 邦雄	Imochi Kunio	Кунио Имоти	м	30 лет; настоящее имя мужчины из отдельного «ложного Сираки»-эпизода.	LOCKED
ALIAS	白木 辰雄	Shiraki Tatsuo	Тацуо Сираки	м	Псевдоним Кунио Имоти. Не путать с Юкуро Сираки.	LOCKED
ALIAS	白木 郁美	Shiraki Ikumi	Икуми Сираки	ж	Псевдоним Токуко Оно.	LOCKED
PLACE	晴海埠頭	Harumi futou	причал Харуми	-	Стартовое место расследования в Токио. В коротком UI: ХАРУМИ.	LOCKED
PLACE	栄通り	Sakae-doori	улица Сакаэ	-	Токио. В UI: УЛ. САКАЭ.	LOCKED
PLACE	ルブラン	Le Blanc	Леблан	-	Кабаре/ночной клуб в Такаданобаба.	LOCKED
PLACE	高田旅館	Takada ryokan	гостиница «Такада»	-	В UI: ОТЕЛЬ ТАКАДА из-за места.	LOCKED
PLACE	釧路	Kushiro	Кусиро	-	Город в Хоккайдо.	LOCKED
PLACE	緑ヶ丘 / みどりがおか	Midorigaoka	Мидоригаока	-	Район Кусиро; в старом WIP было «МИДОРИ-ОКА», заменить на МИДОРИГАОКА при финальной вставке.	LOCKED
PLACE	網走	Abashiri	Абасири	-	Город; тюрьма Абасири — важная локация.	LOCKED
PLACE	北浜	Kitahama	Китахама	-	Прибрежная локация.	LOCKED
PLACE	札幌	Sapporo	Саппоро	-	Город.	LOCKED
PLACE	すすきの	Susukino	Сусукино	-	Район Саппоро.	LOCKED
PLACE	網走港	Abashiri-kou	порт Абасири	-	Локация.	LOCKED
PLACE	摩周湖	Mashuu-ko	озеро Масю	-	Локация.	LOCKED
PLACE	知床五湖	Shiretoko-goko	Пять озёр Сиретоко	-	В UI допустимо «ОЗЁРА СИРЕТОКО».	LOCKED
PLACE	ウトロ	Utoro	Уторо	-	Посёлок/порт.	LOCKED
PLACE	阿寒湖	Akan-ko	озеро Акан	-	Локация.	LOCKED
PLACE	屈斜路湖	Kussharo-ko	озеро Куссяро	-	Локация.	LOCKED
PLACE	和琴温泉	Wakoto onsen	онсэн Вакото	-	Горячий источник.	LOCKED
PLACE	紋別	Monbetsu	Момбэцу	-	Город/порт.	LOCKED
PLACE	夕張	Yuubari	Юбари	-	Город, шахта.	LOCKED
PLACE	函館	Hakodate	Хакодатэ	-	Город.	LOCKED
PLACE	野付半島	Notsuke hantou	полуостров Ноцукэ	-	Локация.	LOCKED
PLACE	トドワラ	Todowara	Тодовара	-	Природная локация.	LOCKED
PLACE	コロポックリ	Koropokkuri	«Коропоккури»	-	Робатаяки в Сусукино, где работает Гэн-сан.	LOCKED
ORG	北龍会	Hokuryuukai	Хокурю-кай	-	Якудза-группировка.	LOCKED
ITEM	ニポポ人形	Nipopo ningyou	кукла нипопо	-	Деревянная айнская кукла; важная улика/символ.	LOCKED
ITEM	そうさメモ	sousa memo	пароль / запись расследования	-	На FC это 20-символьный пароль продолжения. В главном UI переводим «ПАРОЛЬ».	LOCKED
TERM	警部	keibu	инспектор	-	Формально ранг не полностью совпадает с русским «инспектором», но это лучший краткий функциональный вариант. В обращении Куроки/Сюна чаще «Шеф».	LOCKED
TERM	刑事	keiji	детектив / полицейский / инспектор	-	Выбирать по контексту; не злоупотреблять частным «детективом».	STYLE
なかの かずお	Кадзуо Накано	мужчина, молодожён; вместе с Юмико обнаруживает тело у Пяти озёр Сиретоко
ゆみこ	Юмико	женщина, жена Кадзуо Накано
ロバタヤキ	робатаяки	японский способ приготовления еды у очага; в Коропоккури
