source	target	target_is_pointer_start	target_ids
1303	1309	0	
137F	139E	0	
1384	13E6	0	
1384	13C0	0	
138F	13D4	0	
1394	ED82	0	
1394	139E	0	
1394	ED86	0	
13B1	ED82	0	
13B1	13E6	0	
13B1	ED82	0	
13B1	13C0	0	
13C0	ED86	0	
13D1	ED82	0	
13D1	ED86	0	
13D4	ED86	0	
13E6	ED86	0	
146D	E7BB	0	
1535	E7DE	0	
153A	E7F5	0	
179D	E8BD	0	
17A2	E83E	0	
17F4	E8CD	0	
17F4	DADB	1	1479
1910	E881	0	
1A17	ED43	0	
1A17	ED4E	0	
1B17	E87A	0	
1B3F	E87A	0	
1B7D	E87A	0	
1B9E	ED5A	0	
1B9E	ED5F	0	
1BE9	ED5A	0	
1BE9	ED5F	0	
1C14	ED5A	0	
1C14	ED5F	0	
1C33	ED5A	0	
1C33	ED5F	0	
1C6F	E865	0	
1C80	E88D	0	
1CC0	ED5A	0	
1CC0	ED5F	0	
1CE4	E942	0	
1CE8	E942	0	
1CE8	ED5A	0	
1CE8	ED5F	0	
1CFF	E942	0	
1CFF	ED5A	0	
1CFF	ED5F	0	
1D2F	E942	0	
1D2F	ED5A	0	
1D2F	ED5F	0	
1D49	E942	0	
1D49	DADB	1	1479
1D72	ED5A	0	
1D72	ED5F	0	
1DA3	ED62	0	
1DA3	ED6A	0	
1DC0	ED62	0	
1DC0	ED6A	0	
1DE2	ED62	0	
1DE2	ED6A	0	
1E10	ED62	0	
1E10	ED6A	0	
1E29	ED62	0	
1E29	ED6A	0	
1E3E	ED62	0	
1E3E	ED6A	0	
1E5C	ED62	0	
1E5C	ED6A	0	
1E7D	ED62	0	
1E7D	ED6A	0	
1E96	ED62	0	
1E96	ED6A	0	
1EC5	ED62	0	
1EC5	ED6A	0	
1EE0	ED62	0	
1EE0	ED6A	0	
1EF2	ED62	0	
1EF2	ED6A	0	
1F1A	ED62	0	
1F1A	ED6A	0	
1F3A	ED62	0	
1F3A	E961	0	
1F3A	ED6A	0	
1F44	E942	0	
1F44	ED62	0	
1F44	ED6A	0	
1F76	E942	0	
1F76	ED62	0	
1F76	ED6A	0	
1F79	ED62	0	
1F79	ED6A	0	
1F8F	E942	0	
1F8F	DADB	1	1479
1FB2	E942	0	
1FB2	ED62	0	
1FB2	ED6A	0	
1FE4	ED6D	0	
1FE4	ED74	0	
2022	ED6D	0	
2022	ED74	0	
204F	ED6D	0	
204F	ED74	0	
2081	ED6D	0	
2081	ED74	0	
20A4	ED6D	0	
20A4	ED74	0	
20DB	ED6D	0	
20DB	ED74	0	
2101	ED6D	0	
2101	ED74	0	
2117	ED6D	0	
2117	ED74	0	
2147	ED6D	0	
2147	ED74	0	
2160	ED6D	0	
2160	ED74	0	
2186	E942	0	
2186	ED6D	0	
2186	ED74	0	
2203	E942	0	
2203	DADB	1	1479
221F	E942	0	
221F	ED6D	0	
221F	ED74	0	
22BB	E865	0	
22F8	E942	0	
230B	E942	0	
236A	E87A	0	
2529	E87A	0	
25E4	1535	0	
25E4	153A	0	
25EB	1604	0	
25EB	161C	0	
25F3	162A	0	
25F3	161C	0	
25FB	1767	0	
25FB	1796	0	
2603	1863	0	
2607	E8D6	0	
2607	E8E2	0	
261A	194A	0	
261A	1976	0	
261A	19A6	0	
2626	1976	0	
2626	19A6	0	
263C	1829	0	
263C	1833	0	
2643	1535	0	
2643	1AE9	0	
264A	1829	0	
264A	153A	0	
2651	1829	0	
2651	1AC8	1	297
2658	1BD1	0	
2658	1BE9	0	
265F	1BD1	0	
265F	1C14	0	
2666	1BD1	0	
2666	1C33	0	
266D	1CB2	0	
266D	168B	1	259
2674	1DFD	0	
2674	1E10	0	
267C	1DFD	0	
267C	1E29	0	
2684	1BD1	0	
2684	1E3E	0	
268B	1BD1	0	
268B	1E5C	0	
2692	1BD1	0	
2692	1E7D	0	
2699	1BD1	0	
2699	1E96	1	384
26A0	1EA9	1	385
26A0	1EC5	0	
26A0	161C	0	
26AB	1EC5	0	
26AB	1EF2	0	
26B3	1EA9	1	385
26B3	1EE0	0	
26BA	1F44	0	
26BA	1F79	1	383
26C2	1DFD	0	
26C2	2022	0	
26CA	1BD1	0	
26CA	204F	0	
26D1	1BD1	0	
26D1	2081	0	
26D8	2090	0	
26D8	20A4	0	
26D8	20DB	0	
26E3	2090	0	
26E3	2117	0	
26EA	212C	0	
26EA	2147	0	
26EA	161C	0	
26F5	E942	0	
26F5	21A9	0	
26F5	21C7	0	
26F5	DADB	1	1479
2702	1BD1	0	
2702	2295	0	
2709	1BD1	0	
2709	22A7	0	
2710	2295	0	
2710	161C	0	
2718	22CE	0	
2718	161C	0	
271F	E942	0	
271F	231B	0	
271F	DADB	1	1479
2729	2352	0	
272D	23CF	0	
272D	23E7	0	
272D	2415	0	
2737	2436	0	
2737	245A	0	
273E	24F5	1	386
2743	2502	0	
2747	253D	0	
2747	255F	0	
2747	257D	0	
2747	2598	0	
2754	20FA	0	
2754	2101	0	
27D6	ED77	0	
27D6	ED7F	0	
27D6	ED77	0	
27D6	ED7F	0	
27D6	ED77	0	
27D6	ED7F	0	
27D6	ED77	0	
27D6	ED7F	0	
27D6	ED77	0	
27D6	ED7F	0	
2896	ED77	0	
2896	ED7F	0	
2896	ED77	0	
2896	ED7F	0	
2896	ED82	0	
2896	ED86	0	
2896	ED77	0	
2896	ED7F	0	
2896	ED82	0	
2896	ED86	0	
2951	ED82	0	
2951	ED86	0	
2977	ED82	0	
2977	ED86	0	
2986	ED82	0	
2986	ED86	0	
2993	ED82	0	
2993	ED86	0	
29C9	E82C	0	
29C9	ED86	0	
29D2	ED82	0	
29D2	ED86	0	
29D2	ED82	0	
29D2	ED86	0	
2A22	ED82	0	
2A22	ED86	0	
2A31	ED82	0	
2A31	ED86	0	
2A4E	ED82	0	
2A4E	ED86	0	
2A68	ED82	0	
2A68	ED86	0	
2A7F	ED82	0	
2A7F	ED86	0	
2A9D	ED82	0	
2A9D	ED86	0	
2ACA	ED82	0	
2ACA	ED86	0	
2AE3	ED82	0	
2AE3	ED86	0	
2AF9	ED82	0	
2AF9	E83E	0	
2AF9	ED86	0	
2B10	ED82	0	
2B10	ED86	0	
2B2F	ED82	0	
2B2F	ED86	0	
2B45	ED82	0	
2B45	ED86	0	
2B62	2B45	1	420
2B62	ED82	0	
2B62	ED86	0	
2B8C	ED82	0	
2B8C	ED86	0	
2BB4	ED82	0	
2BB4	E8A9	0	
2BB4	ED82	0	
2BB4	ED86	0	
2BCF	E96C	0	
2BCF	EC7C	0	
2C53	ED89	0	
2C53	E977	0	
2C53	ED8F	0	
2C69	ED89	0	
2C69	ED8F	0	
2C80	ED89	0	
2C80	ED8F	0	
2CFE	ED89	0	
2CFE	ED8F	0	
2D2A	ED89	0	
2D2A	ED8F	0	
2D6D	ED89	0	
2D6D	ED8F	0	
2DA1	ED82	0	
2DA1	ED86	0	
2DB0	E94F	0	
2DB4	ED89	0	
2DB4	ED8F	0	
2DC8	ED89	0	
2DC8	ED8F	0	
2DE4	E94F	0	
2DE4	ED89	0	
2DE4	ED8F	0	
2E10	E94F	0	
2E10	DADB	1	1479
2E3C	E94F	0	
2E3C	DADB	1	1479
2EDB	E94F	0	
2EDB	E819	0	
2EDB	DADB	1	1479
2EE6	E94F	0	
2EE6	DADB	1	1479
2EF1	E94F	0	
2EF1	DADB	1	1479
2F09	E94F	0	
2F09	DADB	1	1479
2F17	E94F	0	
2F17	DADB	1	1479
2F27	E94F	0	
2F27	E821	0	
2F90	ED93	0	
2F90	ED9B	0	
2FAF	ED93	0	
2FAF	ED9B	0	
2FD5	ED93	0	
2FD5	ED9B	0	
3008	ED93	0	
3008	ED9B	0	
30AC	E94F	0	
30AC	ED93	0	
30AC	ED9B	0	
30CF	E94F	0	
30CF	ED93	0	
30CF	ED9B	0	
30ED	E94F	0	
30ED	ED93	0	
30ED	ED9B	0	
3121	E94F	0	
3121	E985	0	
312D	E94F	0	
312D	DADB	1	1479
3179	E94F	0	
3179	E9B5	0	
3302	32D5	1	482,591
33A7	3362	0	
33D2	3362	0	
33D2	E83E	0	
340D	E94F	0	
340D	DADB	1	1479
345F	344E	0	
345F	ED9E	0	
345F	E88D	0	
345F	EDA3	0	
3478	344E	0	
3478	ED9E	0	
3478	EDA3	0	
34A1	ED9E	0	
34A1	E893	0	
34A1	EDA3	0	
34AB	ED9E	0	
34AB	EDA3	0	
34AB	ED9E	0	
34AB	EDA3	0	
3509	ED9E	0	
3509	EDA3	0	
3544	ED9E	0	
3544	EDA3	0	
3544	ED9E	0	
3544	EDA3	0	
357E	ED9E	0	
357E	EDA3	0	
357E	ED9E	0	
357E	EDA3	0	
3604	ED9E	0	
3604	E9D5	0	
3604	EDA3	0	
360E	ED9E	0	
360E	EDA3	0	
360E	ED9E	0	
360E	EDA3	0	
3656	E94F	0	
3656	DADB	1	1479
367B	E94F	0	
367B	DADB	1	1479
36A1	E94F	0	
36A1	DADB	1	1479
36B6	E94F	0	
36B6	DADB	1	1479
36EF	ED9E	0	
36EF	EDA3	0	
36EF	DADB	1	1479
3725	371D	1	593
3725	E88D	0	
397E	E94F	0	
397E	EBD2	0	
39A1	3985	0	
39DB	EDA6	0	
39DB	EDAB	0	
39FE	EDA6	0	
39FE	EDAB	0	
3A15	EDA6	0	
3A15	EDAB	0	
3A3B	EDA6	0	
3A3B	EDAB	0	
3A3B	EDA6	0	
3A3B	EDAB	0	
3A84	EDA6	0	
3A84	EDAB	0	
3AB5	EDA6	0	
3AB5	EDAB	0	
3AB5	EDA6	0	
3AB5	EDAB	0	
3AF7	EDA6	0	
3AF7	EDAB	0	
3B1E	EDA6	0	
3B1E	EDAB	0	
3B58	3B4A	0	
3B7D	E94F	0	
3B7D	DADB	1	1479
3BDD	E94F	0	
3BDD	DADB	1	1479
3BFE	E94F	0	
3BFE	DADB	1	1479
3C32	EDA6	0	
3C32	EDAB	0	
3C32	DADB	1	1479
3C47	E9F0	0	
3C4B	3C47	1	533
3CAF	EDAE	0	
3CAF	EDB3	0	
3CAF	EDAE	0	
3CAF	EDB3	0	
3CEF	EDB6	0	
3CEF	EDBB	0	
3CEF	EDAE	0	
3CEF	EDB3	0	
3D24	EDAE	0	
3D24	EDB3	0	
3D24	EDAE	0	
3D24	EDB3	0	
3D63	EDAE	0	
3D63	EDB3	0	
3D63	EDAE	0	
3D63	EDB3	0	
3DC1	EDB6	0	
3DC1	EDBB	0	
3DC1	EDB6	0	
3DC1	EDBB	0	
3E21	EDAE	0	
3E21	EDB3	0	
3E21	EDB6	0	
3E21	EDBB	0	
3E4D	EDAE	0	
3E4D	E9F6	0	
3E55	EDAE	0	
3E55	EDB3	0	
3E93	EDB6	0	
3E93	EDBB	0	
3E93	EDAE	0	
3E93	EDB3	0	
3ED6	EDAE	0	
3ED6	EDB3	0	
3ED6	EDB6	0	
3ED6	EDBB	0	
3F13	E83E	0	
3F49	EDAE	0	
3F49	EDB3	0	
3F49	3F77	0	
3F73	3F87	0	
3F87	EDAE	0	
3F87	EDB3	0	
4000	EDAE	0	
4000	EDB3	0	
4000	3F77	0	
402C	E94F	0	
402C	EDAE	0	
402C	EDB3	0	
402C	EDB6	0	
402C	EDBB	0	
4058	E94F	0	
4058	EDAE	0	
4058	EDB3	0	
4058	EDB6	0	
4058	EDBB	0	
4091	E94F	0	
4091	EDAE	0	
4091	EDB3	0	
40A9	E94F	0	
40A9	DADB	1	1479
40D5	E94F	0	
40D5	DADB	1	1479
40F5	E94F	0	
40F5	DADB	1	1479
411B	E87A	0	
412A	411B	0	
412A	EDAE	0	
412A	E87A	0	
412A	EDB3	0	
4173	ED82	0	
4173	ED86	0	
419A	ED82	0	
419A	ED86	0	
419A	ED82	0	
419A	ED86	0	
4238	E7DE	0	
42DC	EDBE	0	
42DC	EDC3	0	
4307	EDBE	0	
4307	EDC3	0	
4323	EDBE	0	
4323	EDC3	0	
4345	EDBE	0	
4345	EDC3	0	
43A9	EDBE	0	
43A9	EDC3	0	
43DF	EDBE	0	
43DF	EDC3	0	
43F4	E94F	0	
43F4	EDBE	0	
43F4	EDC3	0	
43F4	EDBE	0	
43F4	EDC3	0	
443A	E94F	0	
443A	EDBE	0	
443A	EDC3	0	
4466	E94F	0	
4466	EDBE	0	
4466	EDC3	0	
448B	E94F	0	
448B	EDBE	0	
448B	EDC3	0	
44BC	E94F	0	
44BC	DADB	1	1479
44F0	E94F	0	
44F0	DADB	1	1479
452A	E94F	0	
452A	DADB	1	1479
455D	ED82	0	
455D	E7BB	0	
455D	ED86	0	
4568	E7D0	0	
4568	E7D7	0	
4574	E7D0	0	
4574	E7D7	0	
457C	E7D0	0	
457C	E7D7	0	
4584	E7D0	0	
4584	E7D7	0	
458C	E7D0	0	
458C	E7D7	0	
4596	E7D0	0	
4596	E7D7	0	
45A2	E7D0	0	
45A2	E7D7	0	
45AA	E7D0	0	
45AA	E7D7	0	
45B2	E7D0	0	
45B2	E7D7	0	
45BA	ED82	0	
45BA	E7DE	0	
45BA	ED82	0	
45BA	E7F5	0	
45BA	ED86	0	
45CA	ED82	0	
45CA	ED86	0	
45D8	E809	0	
45EA	E809	0	
45EA	E80C	0	
45F5	E809	0	
45F5	E80C	0	
4600	E980	0	
4615	E7D0	0	
4615	E7D7	0	
461D	ED82	0	
461D	1906	0	
461D	ED86	0	
4627	E94F	0	
4627	EDA6	0	
4627	E819	0	
4627	EDAB	0	
4634	E94F	0	
4634	E821	0	
4644	463D	0	
466C	463D	0	
46DC	ED82	0	
46DC	ED86	0	
4794	ED82	0	
4794	ED86	0	
47A7	ED82	0	
47A7	ED86	0	
48FB	ED82	0	
48FB	ED86	0	
49C6	EDC6	0	
49C6	EDCD	0	
49C6	EDC6	0	
49C6	EDCD	0	
49C6	EDD0	0	
49C6	EDD7	0	
49C6	EDC6	0	
49C6	EDCD	0	
49C6	EDD0	0	
49C6	EDD7	0	
49C6	DADB	1	1479
4AB7	4AA6	1	630
4AF2	EDDA	0	
4AF2	EDE1	0	
4B09	EDDA	0	
4B09	EDE1	0	
4B24	EDDA	0	
4B24	EDE1	0	
4B24	EDDA	0	
4B24	E88D	0	
4B24	EDE1	0	
4B6C	EDDA	0	
4B6C	EDE1	0	
4B6C	EDDA	0	
4B6C	EDE1	0	
4BB1	EDDA	0	
4BB1	EDE1	0	
4CCD	EDDA	0	
4CCD	EDE1	0	
4CE6	4CCD	0	
4D06	4CCD	0	
4D11	EDDA	0	
4D11	EDE1	0	
4D29	4D11	0	
4D4F	4D11	0	
4DC8	E94F	0	
4DC8	DADB	1	1479
4DDF	E94F	0	
4DDF	DADB	1	1479
4DF5	E94F	0	
4DF5	DADB	1	1479
4E0A	E94F	0	
4E0A	DADB	1	1479
4E4F	E94F	0	
4E4F	DADB	1	1479
4E7C	E94F	0	
4E7C	DADB	1	1479
4FD4	ED82	0	
4FD4	ED86	0	
502E	E94F	0	
502E	EC1E	0	
506C	ED82	0	
506C	E838	0	
506C	ED86	0	
508C	ED82	0	
508C	ED86	0	
50C0	ED82	0	
50C0	ED86	0	
514E	EDE4	0	
514E	EDEC	0	
5174	EDE4	0	
5174	EDEC	0	
5174	EDE4	0	
5174	EDEC	0	
51C1	EDE4	0	
51C1	EDEC	0	
51C1	EDE4	0	
51C1	EDEC	0	
5273	EDE4	0	
5273	EDEC	0	
52DF	E94F	0	
52DF	DADB	1	1479
52F9	E94F	0	
52F9	DADB	1	1479
5324	E94F	0	
5324	DADB	1	1479
5336	E94F	0	
5336	DADB	1	1479
534F	E94F	0	
534F	DADB	1	1479
5531	EAB2	0	
5531	EACA	0	
556C	5548	1	705
55A9	E94F	0	
55A9	DADB	1	1479
55D0	E94F	0	
55D0	DADB	1	1479
5608	E94F	0	
5608	DADB	1	1479
5617	E94F	0	
5617	DADB	1	1479
5658	E94F	0	
5658	DADB	1	1479
567F	5677	1	1310
56A0	5677	1	1310
5886	E94F	0	
5886	DADB	1	1479
58A0	E94F	0	
58A0	DADB	1	1479
58B5	E94F	0	
58B5	DADB	1	1479
58CA	E94F	0	
58CA	DADB	1	1479
58F1	E94F	0	
58F1	DADB	1	1479
5912	EDEF	0	
5912	EDF5	0	
593B	EDEF	0	
593B	EDF5	0	
593B	EDEF	0	
593B	EDF5	0	
593B	EDEF	0	
593B	EDF5	0	
59B1	EDEF	0	
59B1	EDF5	0	
59B1	EDEF	0	
59B1	EDF5	0	
59B1	EDEF	0	
59B1	EDF5	0	
5A01	EDEF	0	
5A01	EDF5	0	
5A3A	E94F	0	
5A3A	E843	0	
5A3A	DADB	1	1479
5A56	E94F	0	
5A56	E843	0	
5A56	DADB	1	1479
5A78	E94F	0	
5A78	E843	0	
5A78	DADB	1	1479
5C06	E94F	0	
5C06	DADB	1	1479
5C36	E94F	0	
5C36	DADB	1	1479
5D80	ED82	0	
5D80	ED86	0	
5EE7	EA34	0	
5EFD	EA34	0	
5F53	EA3D	0	
5FC7	EA37	0	
5FF9	EA34	0	
600B	EA34	0	
6042	EA34	0	
609D	EA34	0	
60DD	E94F	0	
60DD	EA34	0	
60DD	DADB	1	1479
611A	E94F	0	
611A	EA34	0	
611A	DADB	1	1479
6139	E94F	0	
6139	EA34	0	
6139	DADB	1	1479
615C	E9F0	0	
615C	EDB6	0	
615C	EDBB	0	
6189	EDB6	0	
6189	EDBB	0	
6189	EDB6	0	
6189	EDBB	0	
61CD	EA59	0	
61D1	EA59	0	
61D1	EDB6	0	
61D1	EDBB	0	
6209	EDB6	0	
6209	EDBB	0	
6209	6259	1	791
6232	EDB6	0	
6232	EDBB	0	
6232	6259	1	791
6265	EDB6	0	
6265	EDBB	0	
6292	E838	0	
629E	EDB6	0	
629E	EDBB	0	
62B8	EDB6	0	
62B8	EDBB	0	
6300	E94F	0	
6300	DADB	1	1479
63CB	EDEF	0	
63CB	EDF5	0	
63FC	EDEF	0	
63FC	EDF5	0	
63FC	EDEF	0	
63FC	EDF5	0	
63FC	EDEF	0	
63FC	EDF5	0	
6449	EDEF	0	
6449	EDF5	0	
646D	EDEF	0	
646D	EDF5	0	
6498	EDEF	0	
6498	EDF5	0	
6498	EDEF	0	
6498	EDF5	0	
6506	E94F	0	
6506	E843	0	
6506	DADB	1	1479
651C	E94F	0	
651C	E843	0	
651C	E843	0	
651C	DADB	1	1479
655F	E94F	0	
655F	E843	0	
655F	DADB	1	1479
6587	E94F	0	
6587	E843	0	
6587	DADB	1	1479
659B	E94F	0	
659B	E843	0	
659B	DADB	1	1479
65D1	E94F	0	
65D1	E843	0	
65D1	DADB	1	1479
6603	63C3	1	802
6603	EDEF	0	
6603	EDF5	0	
6640	EA76	0	
6644	EA76	0	
6644	EDEF	0	
6644	EDF5	0	
6644	EDEF	0	
6644	EDF5	0	
66C7	EA76	0	
66C7	EDEF	0	
66C7	EDF5	0	
66C7	EDEF	0	
66C7	EDF5	0	
6732	E843	0	
6732	DADB	1	1479
6751	E843	0	
6751	DADB	1	1479
6769	E843	0	
6769	DADB	1	1479
67BD	E838	0	
690E	67EB	1	831
69AB	EDF8	0	
69AB	EDFF	0	
69AB	EDF8	0	
69AB	EDFF	0	
69AB	EDF8	0	
69AB	EDFF	0	
69AB	EDF8	0	
69AB	EDFF	0	
69AB	EDF8	0	
69AB	EDFF	0	
69AB	EDF8	0	
69AB	EDFF	0	
6B25	ED82	0	
6B25	ED86	0	
6B58	E87A	0	
6B6A	E94F	0	
6B6A	DADB	1	1479
6B84	E838	0	
6B90	ED82	0	
6B90	ED86	0	
6BAA	E82C	0	
6BAA	ED86	0	
6BB2	ED82	0	
6BB2	ED86	0	
6BC1	5513	1	703
6BC1	5539	0	
6BC9	5513	1	703
6BC9	5539	0	
6BD1	5513	1	703
6BD1	5539	0	
6BD9	5513	1	703
6BD9	5539	0	
6BE1	5513	1	703
6BE1	5539	0	
6BE9	5513	1	703
6BE9	5539	0	
6BF1	5513	1	703
6BF1	5539	0	
6BF9	5513	1	703
6BF9	5539	0	
6C01	5513	1	703
6C01	5539	0	
6C0A	EDEF	0	
6C0A	EDF5	0	
6C20	ED82	0	
6C20	E881	0	
6C20	ED86	0	
6C2A	ED82	0	
6C2A	1A51	0	
6C2A	ED86	0	
6C49	EA34	0	
6C79	EA3D	0	
6CB9	EA9C	0	
6CB9	EACA	0	
6CC1	ED82	0	
6CC1	ED86	0	
6CC1	ED82	0	
6CC1	ED86	0	
6CC1	ED82	0	
6CC1	ED86	0	
6CC1	ED82	0	
6CC1	ED86	0	
6CC1	ED82	0	
6CC1	ED86	0	
6CC1	ED82	0	
6CC1	ED86	0	
6CC1	DADB	1	1479
6DB0	ED82	0	
6DB0	E838	0	
6DB0	ED86	0	
6DD2	ED82	0	
6DD2	ED86	0	
6DD2	ED82	0	
6DD2	ED86	0	
6E11	EA9C	0	
6E15	ED82	0	
6E15	ED86	0	
6E15	ED82	0	
6E15	ED86	0	
6E15	ED82	0	
6E15	ED86	0	
6E15	ED82	0	
6E15	ED86	0	
6EBE	ED82	0	
6EBE	ED86	0	
6EBE	ED82	0	
6EBE	ED86	0	
6EBE	ED82	0	
6EBE	ED86	0	
6F18	ED82	0	
6F18	ED86	0	
6F26	ED82	0	
6F26	ED86	0	
6F26	ED82	0	
6F26	ED86	0	
6F5E	E90F	0	
6F62	ED82	0	
6F62	ED86	0	
6F7E	ED82	0	
6F7E	ED86	0	
6FAB	ED82	0	
6FAB	ED86	0	
6FAB	ED82	0	
6FAB	ED86	0	
6FFA	ED82	0	
6FFA	ED86	0	
7027	ED82	0	
7027	ED86	0	
7027	ED82	0	
7027	ED86	0	
7082	ED82	0	
7082	ED86	0	
7082	ED82	0	
7082	ED86	0	
70C2	ED82	0	
70C2	ED86	0	
70C2	ED82	0	
70C2	ED86	0	
70FF	EAB2	0	
7103	EACA	0	
7155	EADF	0	
7166	E87A	0	
71A7	EE02	0	
71A7	EE09	0	
71C9	EE02	0	
71C9	EE09	0	
71EC	EE02	0	
71EC	EE09	0	
7223	EE02	0	
7223	EE09	0	
7240	EE02	0	
7240	EE09	0	
725A	EE02	0	
725A	EE09	0	
7280	EE02	0	
7280	EE09	0	
733D	E94F	0	
733D	DADB	1	1479
7355	E94F	0	
7355	DADB	1	1479
738D	E94F	0	
738D	DADB	1	1479
73BA	E94F	0	
73BA	EE02	0	
73BA	EE09	0	
7588	75A2	1	919
7895	E94F	0	
7895	DADB	1	1479
78F2	E94F	0	
78F2	DADB	1	1479
7910	E94F	0	
7910	DADB	1	1479
792D	E94F	0	
792D	DADB	1	1479
796B	E94F	0	
796B	DADB	1	1479
7DD5	E94F	0	
7DD5	DADB	1	1479
7DF8	E94F	0	
7DF8	DADB	1	1479
7E17	E94F	0	
7E17	DADB	1	1479
7E30	E94F	0	
7F08	DADB	1	1479
7F92	7FA1	0	
8000	EB01	0	
8022	EB01	0	
8256	DADB	1	1479
8277	DADB	1	1479
831D	7FA1	0	
845D	E88D	0	
86F3	ED82	0	
86F3	ED86	0	
8852	DADB	1	1479
8923	E94F	0	
8923	DADB	1	1479
8956	ED5A	0	
8956	ED5F	0	
896D	ED5A	0	
896D	ED5F	0	
8991	ED5A	0	
8991	ED5F	0	
89B1	ED5A	0	
89B1	ED5F	0	
89B1	ED5A	0	
89B1	E88D	0	
89B1	ED5F	0	
89FD	ED5A	0	
89FD	ED5F	0	
89FD	ED5A	0	
89FD	ED5F	0	
89FD	ED5A	0	
89FD	ED5F	0	
8A76	ED5A	0	
8A76	ED5F	0	
8A76	ED5A	0	
8A76	ED5F	0	
8AC5	ED5A	0	
8AC5	ED5F	0	
8AC5	ED5A	0	
8AC5	ED5F	0	
8AC5	ED5A	0	
8AC5	ED5F	0	
8B2A	ED5A	0	
8B2A	ED5F	0	
8B73	ED5A	0	
8B73	ED5F	0	
8BA7	ED5A	0	
8BA7	ED5F	0	
8BA7	ED5A	0	
8BA7	ED5F	0	
8C26	E94F	0	
8C26	DADB	1	1479
8C4A	E94F	0	
8C4A	DADB	1	1479
8C64	E94F	0	
8C64	ED5A	0	
8C64	ED5F	0	
8CC4	EDDA	0	
8CC4	EDE1	0	
8CC4	EDDA	0	
8CC4	EDE1	0	
8D22	EDDA	0	
8D22	EDE1	0	
8D7B	EDDA	0	
8D7B	EDE1	0	
8DA5	EDDA	0	
8DA5	EDE1	0	
8DD4	EDDA	0	
8DD4	EDE1	0	
8DD4	EDDA	0	
8DD4	EDE1	0	
8E36	EDDA	0	
8E36	EDE1	0	
8E5A	EDDA	0	
8E5A	EDE1	0	
8EB1	E94F	0	
8EB1	DADB	1	1479
8EC8	E94F	0	
8EC8	DADB	1	1479
8EE6	E94F	0	
8EE6	DADB	1	1479
8F1A	E94F	0	
8F1A	DADB	1	1479
8F36	E94F	0	
8F36	EBD2	0	
8F36	DADB	1	1479
8F40	EE0C	0	
8F40	EE13	0	
8F71	EE0C	0	
8F71	EE13	0	
8F71	EE0C	0	
8F71	EE13	0	
8FCC	DADB	1	1479
9025	EE0C	0	
9025	EE13	0	
9046	EE0C	0	
9046	EE13	0	
9046	EE0C	0	
9046	EE13	0	
9199	E94F	0	
9199	DADB	1	1479
93EA	93D6	1	1092
9462	EDE4	0	
9462	EDEC	0	
9482	EDE4	0	
9482	EDEC	0	
9497	EDE4	0	
9497	EDEC	0	
94C6	EDE4	0	
94C6	EDEC	0	
94C6	EDE4	0	
94C6	EDEC	0	
951B	EDE4	0	
951B	EDEC	0	
951B	EDE4	0	
951B	EDEC	0	
9566	EDE4	0	
9566	EDEC	0	
9580	EDE4	0	
9580	EDEC	0	
9644	EDE4	0	
9644	EDEC	0	
9651	E94F	0	
9651	DADB	1	1479
9669	E94F	0	
9669	DADB	1	1479
9685	E94F	0	
9685	DADB	1	1479
96A4	E94F	0	
96A4	DADB	1	1479
96DD	E94F	0	
96DD	DADB	1	1479
9704	E94F	0	
9704	DADB	1	1479
977C	ED5A	0	
977C	ED5F	0	
9786	ED5A	0	
9786	ED5F	0	
97D7	ED5A	0	
97D7	ED5F	0	
97FF	ED5A	0	
97FF	ED5F	0	
9820	ED5A	0	
9820	ED5F	0	
984B	ED5A	0	
984B	ED5F	0	
985C	ED5A	0	
985C	ED5F	0	
986F	ED5A	0	
986F	ED5F	0	
986F	ED5A	0	
986F	ED5F	0	
98D3	ED5A	0	
98D3	ED5F	0	
990B	EBE4	0	
990B	ED5A	0	
990B	ED5F	0	
990B	ED5A	0	
990B	ED5F	0	
990B	ED5A	0	
990B	ED5F	0	
9983	EBE4	0	
9983	ED5A	0	
9983	ED5F	0	
999A	ED5A	0	
999A	ED5F	0	
999A	ED5A	0	
999A	ED5F	0	
99DA	ED5A	0	
99DA	ED5F	0	
9A63	E94F	0	
9A63	DADB	1	1479
9A75	E94F	0	
9A75	DADB	1	1479
9A92	E94F	0	
9A92	DADB	1	1479
9AA9	E94F	0	
9AA9	DADB	1	1479
9ABF	E94F	0	
9ABF	DADB	1	1479
9B25	E94F	0	
9B25	DADB	1	1479
9B5E	E94F	0	
9B5E	DADB	1	1479
9BBB	E94F	0	
9BBB	DADB	1	1479
9BDA	ED5A	0	
9BDA	ED5F	0	
9DD9	E94F	0	
9DD9	DADB	1	1479
9E0E	9E15	0	
9E0E	DADB	1	1479
9E15	E94F	0	
9EC1	EE16	0	
9EC1	EE1B	0	
9EE9	EE16	0	
9EE9	EE1B	0	
A17A	EE16	0	
A17A	EE1B	0	
A198	EE16	0	
A198	EE1B	0	
A1CB	EE16	0	
A1CB	EE1B	0	
A223	EE16	0	
A223	EE1B	0	
A265	E90F	0	
A265	DADB	1	1479
A26C	E92C	0	
A26C	DADB	1	1479
A273	E94F	0	
A273	DADB	1	1479
A2AE	E94F	0	
A2AE	DADB	1	1479
A2BE	E94F	0	
A2BE	DADB	1	1479
A382	EE16	0	
A382	EE1B	0	
A382	EE16	0	
A382	EE1B	0	
A382	EE16	0	
A382	EE1B	0	
A382	EE16	0	
A382	EE1B	0	
A382	EE16	0	
A382	EE1B	0	
A382	EE16	0	
A382	EE1B	0	
A382	EE16	0	
A382	EE1B	0	
A382	EE16	0	
A382	EE1B	0	
A382	EE16	0	
A382	EE1B	0	
A382	EE16	0	
A382	EE1B	0	
A382	EE16	0	
A382	EE1B	0	
A382	EE16	0	
A382	EE1B	0	
A382	EE16	0	
A382	EE1B	0	
A382	EE16	0	
A382	EE1B	0	
A382	EE16	0	
A382	EE1B	0	
A382	EE16	0	
A382	EE1B	0	
A382	EE16	0	
A382	EE1B	0	
A382	EE16	0	
A382	EE1B	0	
A382	EE16	0	
A382	EE1B	0	
A382	EE16	0	
A382	EE1B	0	
A382	EE16	0	
A382	EE1B	0	
A382	EE16	0	
A382	EE1B	0	
A382	EE16	0	
A382	EE1B	0	
A382	DADB	1	1479
AA8D	E94F	0	
AA8D	EC1E	0	
AA8D	DADB	1	1479
AD06	D19F	1	1416
AD88	EDB6	0	
AD88	EDBB	0	
AD88	EDB6	0	
AD88	EDBB	0	
AD88	EDB6	0	
AD88	EDBB	0	
AD88	EDB6	0	
AD88	EDBB	0	
AD88	EDB6	0	
AD88	EDBB	0	
AD88	EDB6	0	
AD88	EDBB	0	
AD88	EDB6	0	
AD88	EDBB	0	
AD88	EDB6	0	
AD88	EDBB	0	
AD88	EDB6	0	
AD88	EDBB	0	
AD88	EDB6	0	
AD88	EDBB	0	
AD88	EDB6	0	
AD88	EDBB	0	
AD88	EDB6	0	
AD88	EDBB	0	
AFC7	EDB6	0	
AFC7	EDBB	0	
AFC7	EDB6	0	
AFC7	EDBB	0	
B0C3	ED82	0	
B0C3	ED86	0	
B0FB	E8CD	0	
B0FB	DADB	1	1479
B12C	ED82	0	
B12C	ED86	0	
B147	E88D	0	
B147	DADB	1	1479
B29A	DADB	1	1479
B2B3	ED82	0	
B2B3	ED86	0	
B54A	ED82	0	
B54A	ED86	0	
B54A	ED82	0	
B54A	ED86	0	
B58D	ED82	0	
B58D	ED86	0	
B5BA	ED82	0	
B5BA	ED86	0	
B5BA	ED82	0	
B5BA	ED86	0	
B60E	186C	0	
B60E	18A7	0	
B60E	18DF	0	
B618	ED82	0	
B618	E88D	0	
B618	E838	0	
B618	ED86	0	
B642	E92C	0	
B646	E94F	0	
B646	DADB	1	1479
B693	ED82	0	
B693	ED86	0	
B724	ED5A	0	
B724	ED5F	0	
B724	ED5A	0	
B724	ED5F	0	
B724	ED5A	0	
B724	ED5F	0	
B7DA	EADF	0	
B7DA	EACA	0	
B7E2	EA26	0	
B7E2	EACA	0	
B7EA	E980	0	
B7EA	EACA	0	
B7F2	6B84	1	846
B7F2	7103	1	883
B7FA	B631	1	887
B7FA	7103	1	883
B83D	E94F	0	
B83D	EC26	0	
B844	E94F	0	
B844	EC26	0	
B844	DADB	1	1479
BA1A	B9FC	1	1262
C000	ED82	0	
C000	ED86	0	
C000	ED82	0	
C000	ED86	0	
C000	ED82	0	
C000	ED86	0	
C000	ED82	0	
C000	ED86	0	
C000	ED82	0	
C000	ED86	0	
C000	ED82	0	
C000	ED86	0	
C000	ED82	0	
C000	ED86	0	
C000	ED82	0	
C000	ED86	0	
C000	ED82	0	
C000	ED86	0	
C000	ED82	0	
C000	ED86	0	
C000	ED82	0	
C000	ED86	0	
C000	ED82	0	
C000	ED86	0	
C000	ED82	0	
C000	ED86	0	
C000	ED82	0	
C000	ED86	0	
C000	ED82	0	
C000	ED86	0	
C000	ED82	0	
C000	ED86	0	
C000	ED82	0	
C000	ED86	0	
C000	ED82	0	
C000	ED86	0	
C318	E88D	0	
C52B	E838	0	
C537	E838	0	
C5A9	ED82	0	
C5A9	ED86	0	
C5CD	ED82	0	
C5CD	ED86	0	
C5CD	ED82	0	
C5CD	ED86	0	
C5CD	ED82	0	
C5CD	ED86	0	
C5CD	ED82	0	
C5CD	ED86	0	
C5CD	ED82	0	
C5CD	ED86	0	
C5CD	ED82	0	
C5CD	ED86	0	
C6AF	DADB	1	1479
C710	EE0C	0	
C710	EE13	0	
C728	EE0C	0	
C728	EE13	0	
C734	ED82	0	
C734	ED86	0	
C75D	ED82	0	
C75D	ED86	0	
C76C	ED82	0	
C76C	ED86	0	
C77A	ED82	0	
C77A	ED86	0	
C794	ED82	0	
C794	ED86	0	
C7C0	ED82	0	
C7C0	ED86	0	
C7E6	ED82	0	
C7E6	ED86	0	
C890	EC37	0	
C896	EC37	0	
C89C	EC37	0	
C8A2	EC37	0	
C8A8	EC37	0	
C8AE	ECFF	0	
C8AE	ED1A	0	
C8B5	ECF0	0	
C8B5	ED1A	0	
C8BC	EC49	0	
C8CC	ED1A	0	
C92A	EC49	0	
C93D	EC49	0	
C958	EC49	0	
C965	EC49	0	
C97D	EC49	0	
C98E	EC49	0	
C9A0	EC53	0	
CA32	EC53	0	
CA36	EC64	0	
CA66	EC64	0	
CA7F	EC64	0	
CA98	EC64	0	
CAB3	EC64	0	
CACD	EC64	0	
CAF0	E96C	0	
CAF0	EC7C	0	
CAFC	EC64	0	
CB14	EC64	0	
CB28	EC64	0	
CB4B	EC64	0	
CB67	EC64	0	
CB90	EC64	0	
CBAB	EC64	0	
CBAB	EC7C	0	
CBBF	EC64	0	
CBE4	EC64	0	
CC11	EC64	0	
CC2D	EC64	0	
CC49	EC64	0	
CC6C	EC64	0	
CC84	EC64	0	
CCB0	EC64	0	
CCC9	EC64	0	
CCE1	EC64	0	
CCFD	EC64	0	
CD16	EC64	0	
CD2C	EC64	0	
CD4B	EC64	0	
CD6A	EC64	0	
CD8C	EC64	0	
CDBB	EC64	0	
CDD4	EC64	0	
CDF8	EC64	0	
CE17	EC64	0	
CE33	EC64	0	
CE52	EC64	0	
CE70	EC64	0	
D09B	ED82	0	
D09B	ED86	0	
D09B	ED82	0	
D09B	ED86	0	
D23C	ED62	0	
D23C	ED6A	0	
D23C	ED62	0	
D23C	ED6A	0	
D275	ED62	0	
D275	ED6A	0	
D2D0	ED6D	0	
D2D0	ED74	0	
D2D0	ED6D	0	
D2D0	ED74	0	
D526	EDB6	0	
D526	EDBB	0	
D55E	EDAE	0	
D55E	EDB3	0	
D7C9	ED82	0	
D7C9	ED86	0	
D91D	7FA1	0	
DA45	ED82	0	
DA45	EC88	0	
DA45	ED86	0	
DA4F	ED82	0	
DA4F	EC9C	0	
DA4F	ED86	0	
DA59	ED82	0	
DA59	ECAD	0	
DA59	ED86	0	
DA83	7FA1	0	
DACC	ED82	0	
DACC	ED86	0	
DAE0	ED6D	0	
DAE0	E961	0	
DAE0	ED74	0	
DAF5	E8BD	0	
DAFA	DADB	1	1479
DB03	E94F	0	
DB03	DADB	1	1479
DB21	E94F	0	
DB21	EBBE	0	
DB21	DADB	1	1479
DB2D	E94F	0	
DB2D	EDA6	0	
DB2D	E9D5	0	
DB2D	EDAB	0	
DB78	1535	0	
DC0B	9E15	0	
DC0B	DADB	1	1479
DC81	EC1E	0	
DC81	DADB	1	1479
DC8E	E94F	0	
DC8E	DADB	1	1479
DCBC	DADB	1	1479
DD60	3407	1	487
DD60	DADB	1	1479
DD67	E94F	0	
DD67	E985	0	
DD6F	E94F	0	
DD6F	E9B5	0	
DDAD	E94F	0	
DDAD	DADB	1	1479
DE21	ED82	0	
DE21	ED86	0	
DEBD	ED5A	0	
DEBD	ED5F	0	
DEBD	ED5A	0	
DEBD	ED5F	0	
DEBD	ED5A	0	
DEBD	ED5F	0	
DF54	ED82	0	
DF54	ED86	0	
DF6D	ED82	0	
DF6D	ED86	0	
DF8D	ED82	0	
DF8D	ED86	0	
DF8D	ED82	0	
DF8D	ED86	0	
DFE7	ECD1	0	
E040	ECD1	0	
E040	ED82	0	
E040	ED86	0	
E040	ED82	0	
E040	ED86	0	
E11E	ED89	0	
E11E	ED8F	0	
E11E	ED89	0	
E11E	ED8F	0	
E18E	ED89	0	
E18E	ED8F	0	
E2F7	ECE0	0	
E2F7	ED10	0	
E2FE	ECF0	0	
E2FE	ED10	0	
E305	ECFF	0	
E305	ED10	0	
E30C	ED10	0	
E310	ED27	0	
E314	ED34	0	
E386	ED82	0	
E386	ED86	0	
E3B1	ED82	0	
E3B1	ED86	0	
E3C3	ED82	0	
E3C3	ED86	0	
E3D5	ED82	0	
E3D5	ED86	0	
E3E7	ED82	0	
E3E7	ED86	0	
E3F9	ED82	0	
E3F9	ED86	0	
E40D	ED82	0	
E40D	ED86	0	
E421	ED82	0	
E421	ED86	0	
E435	ED82	0	
E435	ED86	0	
E46E	EC64	0	
E46E	EC7C	0	
E491	EC64	0	
E49F	EC64	0	
E4AF	EC64	0	
E4DA	EC64	0	
E506	ED89	0	
E506	E977	0	
E506	ED8F	0	
E510	ED43	0	
E510	ED82	0	
E510	ED4E	0	
E510	ED86	0	
E51E	E8D6	0	
E51E	E8E2	0	
E54B	1535	0	
E55B	EDAE	0	
E55B	E9F6	0	
E55B	EDB3	0	
E566	EDAE	0	
E566	E9F6	0	
E566	EDB3	0	
E5E4	E94F	0	
E5E4	DADB	1	1479
E5F9	E94F	0	
E5F9	DADB	1	1479
E6BB	EC88	0	
E6C0	EC9C	0	
E6C5	ECAD	0	
E6EC	E94F	0	
E6EC	E819	0	
E6F4	E94F	0	
E6FC	E94F	0	
E711	E94F	0	
E722	ED89	0	
E722	EBBE	0	
E722	ED8F	0	
E7B4	EC37	0	
E7D0	ED82	0	
E7D7	ED86	0	
E7DE	ED86	0	
E821	DADB	1	1479
E82C	ED82	0	
E849	ED82	0	
E849	ED86	0	
E8A9	ED86	0	
E90F	E94F	0	
E90F	EE16	0	
E90F	EE1B	0	
E92C	E94F	0	
E92C	EE16	0	
E92C	EE1B	0	
E94F	ED82	0	
E94F	ED86	0	
E96C	EC64	0	
E980	1B2D	0	
E985	DADB	1	1479
E9B5	DADB	1	1479
E9F6	EDB3	0	
E9F6	EDB6	0	
E9F6	EDBB	0	
EA26	E87A	0	
EA3D	EA34	0	
EA76	EDEF	0	
EA76	EDF5	0	
EA9C	ED82	0	
EA9C	ED86	0	
EBD2	EDDA	0	
EBD2	EDE1	0	
EBE4	ED5A	0	
EBE4	ED5F	0	
EC26	EE0C	0	
EC26	EE13	0	
EC64	EC53	0	
ECD1	ED82	0	
ECD1	ED86	0	
EDEF	E843	0	
