ptr	len	raw	decoded	expanded
1309	71	F3 00 04 16 52 00 6C 70 60 15 1A 0B 76 19 01 18 28 74 19 1F 0C 07 0E 60 19 28 69 3F 60 06 15 00 0A 17 06 74 4A 2F 05 17 00 07 1F 07 32 17 37 60 EA 22 2F 09 33 47 00 08 56 33 4F 75 4F 1E 03 27 16 1B 60 07 68 71 FF	[F3] けいぶ ですね。\n[F1:$02]あなたの おかえりを おまちして\n[F1:$02]おりました。\n[F1:$02]さあ そうさを ぞっこう しましょう[GLYPH:$37]\n[F1:$02]メッセージ スピードは どのくらいに\n[F1:$02]しますか？	[F3] けいぶ ですね。\n[F1:$02]あなたの おかえりを おまちして\n[F1:$02]おりました。\n[F1:$02]さあ そうさを ぞっこう しましょう[GLYPH:$37]\n[F1:$02]メッセージ スピードは どのくらいに\n[F1:$02]しますか？
139E	19	7A 0A 17 06 74 0C 31 17 4B 2E 07 68 3F 60 16 16 6C 71 FF	では そうさを ちゅうだんします。\n[F1:$02]いいですか？	では そうさを ちゅうだんします。\n[F1:$02]いいですか？
13C0	17	4F 17 23 00 19 0D 01 2A 06 1F 6D 3F F2 86 ED 62 FF	どうも おつかれさまでした。[F2:$ED86]\n[F1:$0A][FE][F9]	どうも おつかれさまでした。[F0:$A2]\n[F1:$0A][FE][F9]
13D4	18	7A 0A 17 06 2D 00 4A 2F 05 17 07 1F 08 3F F2 86 ED FF	では そうさを ぞっこうします。[F2:$ED86]	では そうさを ぞっこうします。[F0:$A2]
13E6	40	05 2A 78 02 32 17 76 0A 17 06 E2 22 23 00 6C 3F F8 84 01 1B 00 01 02 0F 22 0E 00 19 16 0E 03 4B 06 16 3F F2 86 ED 62 FF	これが きょうの そうさメモ です。\nなにかに かきとめて おいてください。[F2:$ED86]\n[F1:$0A][FE][F9]	これが きょうの そうさメモ です。\nなにかに かきとめて おいてください。[F0:$A2]\n[F1:$0A][FE][F9]
1535	5	64 F2 DE E7 FF	くろき「[F2:$E7DE]	くろき「では あたりにいるひとに\n[F1:$02]ききこみをしてみましょう。[F0:$A2]\n[F1:$0A][FE][F9]
153A	5	64 F2 F5 E7 FF	くろき「[F2:$E7F5]	くろき「とくに てがかりになる はなしは\n[F1:$02]きけませんでしたよ。ボス。
1604	24	FC 07 2C 10 75 03 08 43 2F 0B 16 4E 1D 18 1E 3F 60 24 22 0E 04 2A 3F FF	[FC:$07]わはは くすぐったいでねえの。\n[F1:$02]やめてけれ。	[FC:$07]わはは くすぐったいでねえの。\n[F1:$02]やめてけれ。
161C	14	64 19 01 07 1A 23 1E 75 23 2F 0E 6A 6F FF	くろき「おかしなものは もってませんよ。	くろき「おかしなものは もってませんよ。
162A	47	04 16 01 2E 3A 14 2E 01 2E 73 84 2D 08 29 02 6C 71 F8 64 E2 02 20 00 41 1F 2E 07 1A 06 16 3F 60 F3 00 04 16 52 76 22 16 2A 16 4B 01 27 70 FF	けいかん「ほんかんに なにをするきですか？\nくろき「キミ がまんしなさい。\n[F1:$02][F3] けいぶの めいれいだからね。	けいかん「ほんかんに なにをするきですか？\nくろき「キミ がまんしなさい。\n[F1:$02][F3] けいぶの めいれいだからね。
1767	47	64 1A 29 14 4F 3F 92 76 01 19 47 30 07 2E 2D 60 0F 2F 0E 19 16 0E 3E 0A 2A 2D 16 2B 2E 1A 94 1B 60 B3 0E 00 02 02 05 20 08 29 2C 04 6C 70 FF	くろき「なるほど。したいの かおじゃしんを\n[F1:$02]とっておいて、それをいろんなひとに\n[F1:$02]みせて ききこみするわけですね。	くろき「なるほど。したいの かおじゃしんを\n[F1:$02]とっておいて、それをいろんなひとに\n[F1:$02]みせて ききこみするわけですね。
1796	7	64 7A 0F 28 68 3F FF	くろき「では とります。	くろき「では とります。
1829	10	64 7A 88 B3 0E 02 68 3F 62 FF	くろき「では ちょっと みせてきます。\n[F1:$0A][FE][F9]	くろき「では ちょっと みせてきます。\n[F1:$0A][FE][F9]
1833	14	64 89 07 2F 0E 29 94 10 60 16 6A 6D 3F FF	くろき「とくに しってるひとは\n[F1:$02]いませんでした。	くろき「とくに しってるひとは\n[F1:$02]いませんでした。
1863	9	64 88 0B 01 1E 93 35 62 FF	くろき「ちょっと たかのさん！\n[F1:$0A][FE][F9]	くろき「ちょっと たかのさん！\n[F1:$0A][FE][F9]
186C	59	FC 07 1A 2E 4B 24 36 F8 64 01 2A 78 92 2D 20 0D 04 0B 00 94 6C 3F 62 FC 07 04 06 D1 D0 47 05 2B 01 1A 3F 17 20 2D 20 1A 41 27 60 E4 52 27 52 27 15 29 16 0E 16 0B 2E 4B 6F 62 FF	[FC:$07]なんだや？\nくろき「かれが したいをみつけた ひとです。\n[F1:$0A][FE][F9][FC:$07]けさ[GLYPH:$D1][GLYPH:$D0]じころかな。うみをみながら\n[F1:$02]ブラブラあるいていたんだよ。\n[F1:$0A][FE][F9]	[FC:$07]なんだや？\nくろき「かれが したいをみつけた ひとです。\n[F1:$0A][FE][F9][FC:$07]けさ[GLYPH:$D1][GLYPH:$D0]じころかな。うみをみながら\n[F1:$02]ブラブラあるいていたんだよ。\n[F1:$0A][FE][F9]
18A7	56	FC 07 06 16 07 32 75 19 19 02 1A E2 45 20 78 17 20 1B 60 17 16 0E 29 1A 33 0F 7C 2F 0E 6F 04 4F 00 26 03 60 20 29 0F 00 94 1E 01 0B 0C 00 07 0E 29 4E 1D 18 1E 3F 62 FF	[FC:$07]さいしょは おおきなゴミが うみに\n[F1:$02]ういてるなーとおもってよ。けど よく\n[F1:$02]みると ひとのかたち してるでねえの。\n[F1:$0A][FE][F9]	[FC:$07]さいしょは おおきなゴミが うみに\n[F1:$02]ういてるなーとおもってよ。けど よく\n[F1:$02]みると ひとのかたち してるでねえの。\n[F1:$0A][FE][F9]
18DF	38	FC 07 0A 2E 4E 00 15 2C 0E 0E 00 90 73 9D 60 07 0B 4B 3F 19 27 78 10 1A 09 29 1E 75 05 2A 4B 04 60 4B 1A 24 3F FF	[FC:$07]そんで あわてて けいさつに でんわ\n[F1:$02]しただ。おらが はなせるのは これだけ\n[F1:$02]だなや。	[FC:$07]そんで あわてて けいさつに でんわ\n[F1:$02]しただ。おらが はなせるのは これだけ\n[F1:$02]だなや。
1906	10	1A 2E 50 2E 73 01 04 68 71 FF	なんばんに かけますか？	なんばんに かけますか？
194A	44	8D 3A 10 16 00 B6 6C 41 72 7B 90 36 60 4E 80 0C 75 22 16 2B 17 01 16 04 16 78 E4 23 2F 0F 33 4E 60 24 1F 07 16 05 0F 75 84 23 72 FF	おとこ「はい ルブランですが……。え？ けいさつ？\n[F1:$02]でもうちは めいろうかいけいが モットーで\n[F1:$02]やましいことは なにも……。	おとこ「はい ルブランですが……。え？ けいさつ？\n[F1:$02]でもうちは めいろうかいけいが モットーで\n[F1:$02]やましいことは なにも……。
1976	48	8D 3A 7B 06 0D 47 2E 47 04 2E 36 00 05 2B 06 2A 0B 94 41 60 17 0C 1E E2 51 27 74 23 2F 0E 0B 36 60 0A 2E 1A 05 0F 00 16 2C 2A 0E 23 1D 18 72 FF	おとこ「え？ さつじんじけん？ ころされたひとが\n[F1:$02]うちのビラを もってた？\n[F1:$02]そんなこと いわれてもねえ……。	おとこ「え？ さつじんじけん？ ころされたひとが\n[F1:$02]うちのビラを もってた？\n[F1:$02]そんなこと いわれてもねえ……。
19A6	43	8D 3A 10 15 72 B3 75 0B 01 4B 1E 50 50 1E 60 06 01 18 4F 19 28 00 6C 41 3F 4E 80 0C 0F 10 60 01 2E 04 16 7F 0F 00 7C 16 68 6F FF	おとこ「はあ……。みせは たかだのばばの\n[F1:$02]さかえどおり ですが。でもうちとは\n[F1:$02]かんけいないと おもいますよ。	おとこ「はあ……。みせは たかだのばばの\n[F1:$02]さかえどおり ですが。でもうちとは\n[F1:$02]かんけいないと おもいますよ。
1A51	6	4E 7F 85 6C 70 FF	でないみたいですね。	でないみたいですね。
1AE9	16	64 63 3F 0B 01 4B BF 1E 96 41 60 7D 28 69 3F FF	くろき「ボス。たかだりょかんのばしょが\n[F1:$02]わかりました。	くろき「ボス。たかだりょかんのばしょが\n[F1:$02]わかりました。
1B2D	18	05 05 1B 75 0F 29 86 1A 23 1E 10 60 20 8C 6A 41 72 FF	ここには とるようなものは\n[F1:$02]みあたりませんが……。	ここには とるようなものは\n[F1:$02]みあたりませんが……。
1BD1	24	64 88 06 0D 47 2E 47 04 2E 76 05 0F 4E 60 02 02 0B 16 2E 6C 41 70 62 FF	くろき「ちょっと さつじんじけんの ことで\n[F1:$02]ききたいんですがね。\n[F1:$0A][FE][F9]	くろき「ちょっと さつじんじけんの ことで\n[F1:$02]ききたいんですがね。\n[F1:$0A][FE][F9]
1BE9	43	F2 5A ED 06 15 00 2C 0B 07 1E 07 28 15 16 1B 10 60 94 45 2B 07 2D 08 29 86 1A 00 94 10 60 16 7F 0F 00 7C 16 68 41 72 F2 5F ED FF	[F2:$ED5A]さあ わたしのしりあいには\n[F1:$02]ひとごろしをするような ひとは\n[F1:$02]いないと おもいますが……。[F2:$ED5F]	おとこ「[F0:$81]さあ わたしのしりあいには\n[F1:$02]ひとごろしをするような ひとは\n[F1:$02]いないと おもいますが……。[F0:$82]
1C14	31	F2 5A ED 06 15 3F 05 2B 06 2A 29 86 1A 00 94 1B 23 60 05 05 2B 8C 78 7E 6A 41 72 F2 5F ED FF	[F2:$ED5A]さあ。ころされるような ひとにも\n[F1:$02]こころあたりが ありませんが……。[F2:$ED5F]	おとこ「[F0:$81]さあ。ころされるような ひとにも\n[F1:$02]こころあたりが ありませんが……。[F0:$82]
1C33	60	F2 5A ED 7B 06 16 02 2E 00 17 0C 1E B3 1B 02 0B 00 94 4E 60 15 24 07 16 47 2E 52 0D 6C 71 00 4E 23 00 19 02 30 03 1E 60 94 28 94 28 1E 05 0F 1F 7A 19 54 18 0E 7F 6C 6F F2 5F ED FF	[F2:$ED5A]え？ さいきん うちのみせにきた ひとで\n[F1:$02]あやしいじんぶつですか？ でも おきゃくの\n[F1:$02]ひとりひとりのことまでは おぼえてないですよ。[F2:$ED5F]	おとこ「[F0:$81]え？ さいきん うちのみせにきた ひとで\n[F1:$02]あやしいじんぶつですか？ でも おきゃくの\n[F1:$02]ひとりひとりのことまでは おぼえてないですよ。[F0:$82]
1CB2	14	64 7D 28 69 3F 7A 88 20 0E 02 68 3F 62 FF	くろき「わかりました。では ちょっと みてきます。\n[F1:$0A][FE][F9]	くろき「わかりました。では ちょっと みてきます。\n[F1:$0A][FE][F9]
1DFD	19	64 89 02 1B 1A 29 86 1A 00 0F 05 2B 10 60 7E 6A 41 72 FF	くろき「とくに きになるような ところは\n[F1:$02]ありませんが……。	くろき「とくに きになるような ところは\n[F1:$02]ありませんが……。
1E10	25	F2 62 ED 1D 18 00 84 00 E6 02 32 2B 02 32 2B 07 0E 16 29 1E 36 F2 6A ED FF	[F2:$ED62]ねえ なに キョロキョロしているの？[F2:$ED6A]	アケミ「[F0:$81]ねえ なに キョロキョロしているの？[F0:$82]
1E29	21	F2 62 ED 8C 1F 18 26 35 00 80 00 01 18 2F 0B 27 36 F2 6A ED FF	[F2:$ED62]あたりまえよ！ もう かえったら？[F2:$ED6A]	アケミ「[F0:$81]あたりまえよ！ もう かえったら？[F0:$82]
1E3E	30	F2 62 ED 1A 15 73 0A 2A 36 60 15 1A 0B 0B 0C 00 8F 93 36 00 17 0A 4E 07 32 3F F2 6A ED FF	[F2:$ED62]なあに それ？\n[F1:$02]あなたたち けいじさん？ うそでしょ。[F2:$ED6A]	アケミ「[F0:$81]なあに それ？\n[F1:$02]あなたたち けいじさん？ うそでしょ。[F0:$82]
1E5C	33	F2 62 ED 1D 18 00 0A 2E 1A 05 0F 26 28 00 23 2F 0F 60 0B 1E 07 16 00 19 97 00 07 6B 6F F2 6A ED FF	[F2:$ED62]ねえ そんなことより もっと\n[F1:$02]たのしい おはなし しましょうよ。[F2:$ED6A]	アケミ「[F0:$81]ねえ そんなことより もっと\n[F1:$02]たのしい おはなし しましょうよ。[F0:$82]
1E7D	25	F2 62 ED 0A 2E 1A 05 0F 00 02 01 2A 0B 2F 0E 00 07 27 7F 2C 35 F2 6A ED FF	[F2:$ED62]そんなこと きかれたって しらないわ！[F2:$ED6A]	アケミ「[F0:$81]そんなこと きかれたって しらないわ！[F0:$82]
1EC5	27	F2 62 ED 17 12 2F 3E 03 08 43 2F 0B 16 2C 3F 60 80 00 25 29 07 0E 72 F2 6A ED FF	[F2:$ED62]うふっ、くすぐったいわ。\n[F1:$02]もう ゆるして……。[F2:$ED6A]	アケミ「[F0:$81]うふっ、くすぐったいわ。\n[F1:$02]もう ゆるして……。[F0:$82]
1EE0	18	F2 62 ED 16 24 35 00 06 2C 27 7F 4E 26 35 F2 6A ED FF	[F2:$ED62]いや！ さわらないでよ！[F2:$ED6A]	アケミ「[F0:$81]いや！ さわらないでよ！[F0:$82]
1EF2	40	64 16 24 00 25 29 06 7F 6F 60 14 27 00 EA 05 0C 32 05 0C 32 00 05 0C 32 3F F8 F2 62 ED 02 30 10 10 10 10 72 F2 6A ED FF	くろき「いや ゆるさないよ。\n[F1:$02]ほら コチョコチョ コチョ。\n[F2:$ED62]きゃはははは……。[F2:$ED6A]	くろき「いや ゆるさないよ。\n[F1:$02]ほら コチョコチョ コチョ。\nアケミ「[F0:$81]きゃはははは……。[F0:$82]
1F44	50	F2 42 E9 F2 62 ED 15 27 00 15 1A 0B 0B 0C 00 8F 93 36 60 0A 17 3D 3D 3E 0A 17 1A 1E 72 60 15 0B 07 00 90 2F 0E 00 4B 16 02 27 16 1A 1E 3F F2 6A ED FF	[F2:$E942][F2:$ED62]あら あなたたち けいじさん？\n[F1:$02]そう……、そうなの……。\n[F1:$02]あたし けいさつって だいきらいなの。[F2:$ED6A]	くろき「ちょっと これを みてくれますか？\n[F1:$0A][FE][F9]アケミ「[F0:$81]あら あなたたち けいじさん？\n[F1:$02]そう……、そうなの……。\n[F1:$02]あたし けいさつって だいきらいなの。[F0:$82]
2022	45	F2 6D ED 1D 18 00 08 05 07 75 19 0C 0D 16 0B 27 00 4F 17 1A 1E 36 60 E6 02 32 2B 02 32 2B 07 0B 2F 0E 00 84 23 1A 03 0E 6F F2 74 ED FF	[F2:$ED6D]ねえ すこしは おちついたら どうなの？\n[F1:$02]キョロキョロしたって なにもなくてよ。[F2:$ED74]	ルナ「[F0:$89]ねえ すこしは おちついたら どうなの？\n[F1:$02]キョロキョロしたって なにもなくてよ。[F0:$8A]
204F	50	F2 6D ED 06 0D 47 2E 47 04 2E 36 00 4E 23 00 06 16 02 2E 00 15 0B 07 1E 60 1F 2C 28 4E 00 16 1A 03 1A 2F 0B 94 1A 2E 0E 60 16 1A 03 0E 6F F2 74 ED FF	[F2:$ED6D]さつじんじけん？ でも さいきん あたしの\n[F1:$02]まわりで いなくなったひとなんて\n[F1:$02]いなくてよ。[F2:$ED74]	ルナ「[F0:$89]さつじんじけん？ でも さいきん あたしの\n[F1:$02]まわりで いなくなったひとなんて\n[F1:$02]いなくてよ。[F0:$8A]
2081	15	F2 6D ED 06 15 00 07 27 7F 2C 3F F2 74 ED FF	[F2:$ED6D]さあ しらないわ。[F2:$ED74]	ルナ「[F0:$89]さあ しらないわ。[F0:$8A]
2090	20	64 05 76 8D 1B 0D 16 0E 60 02 01 09 0E 23 27 18 68 71 62 FF	くろき「この おとこについて\n[F1:$02]きかせてもらえますか？\n[F1:$0A][FE][F9]	くろき「この おとこについて\n[F1:$02]きかせてもらえますか？\n[F1:$0A][FE][F9]
20A4	55	F2 6D ED 08 45 03 07 0D 05 16 00 94 4E 1D 3E B3 78 19 2C 2F 0B 27 60 E2 19 2A 1E BF 1B 05 7F 01 2F 0E 00 06 0A 17 1E 6F 60 47 32 17 4B 2E 47 30 7F 2C 70 F2 74 ED FF	[F2:$ED6D]すごくしつこい ひとでね、みせが おわったら\n[F1:$02]オレのりょかんにこないかって さそうのよ。\n[F1:$02]じょうだんじゃないわね。[F2:$ED74]	ルナ「[F0:$89]すごくしつこい ひとでね、みせが おわったら\n[F1:$02]オレのりょかんにこないかって さそうのよ。\n[F1:$02]じょうだんじゃないわね。[F0:$8A]
20DB	31	F2 6D ED 7B 0A 1E BF 36 00 0B 07 01 3D 3D 60 0B 01 4B BF 2F 0E 16 2F 0E 0B 2C 70 F2 74 ED FF	[F2:$ED6D]え？ そのりょかん？ たしか……\n[F1:$02]たかだりょかんっていってたわね。[F2:$ED74]	ルナ「[F0:$89]え？ そのりょかん？ たしか……\n[F1:$02]たかだりょかんっていってたわね。[F0:$8A]
20FA	7	64 0B 01 4B BF 36 FF	くろき「たかだりょかん？	くろき「たかだりょかん？
2101	22	F2 6D ED 06 15 00 05 1E 0C 01 03 76 BF 47 30 7F 1E 36 F2 74 ED FF	[F2:$ED6D]さあ このちかくの りょかんじゃないの？[F2:$ED74]	ルナ「[F0:$89]さあ このちかくの りょかんじゃないの？[F0:$8A]
2117	21	F2 6D ED 1D 18 00 80 00 16 16 4E 07 32 3E 8F 93 36 F2 74 ED FF	[F2:$ED6D]ねえ もう いいでしょ、けいじさん？[F2:$ED74]	ルナ「[F0:$89]ねえ もう いいでしょ、けいじさん？[F0:$8A]
212C	27	64 E2 29 1A 0C 30 2E 0F 77 16 2F 0B 70 60 88 07 27 53 06 09 0E 23 27 17 6F 62 FF	くろき「ルナちゃんとか いったね。\n[F1:$02]ちょっと しらべさせてもらうよ。\n[F1:$0A][FE][F9]	くろき「ルナちゃんとか いったね。\n[F1:$02]ちょっと しらべさせてもらうよ。\n[F1:$0A][FE][F9]
2147	25	F2 6D ED 15 0B 07 74 07 27 53 0B 2F 0E 00 21 4B 6F 60 8F 93 3F F2 74 ED FF	[F2:$ED6D]あたしを しらべたって むだよ。\n[F1:$02]けいじさん。[F2:$ED74]	ルナ「[F0:$89]あたしを しらべたって むだよ。\n[F1:$02]けいじさん。[F0:$8A]
21A9	30	E2 29 1A 3A 15 15 00 05 1E 94 3F D5 FB 73 14 4F 1F 18 60 B3 1B 02 0B 00 94 4B 2C 3F 62 FF	ルナ「ああ このひと。[GLYPH:$D5][FB:$73]ほどまえ\n[F1:$02]みせにきた ひとだわ。\n[F1:$0A][FE][F9]	ルナ「ああ このひと。[GLYPH:$D5][FB:$73]ほどまえ\n[F1:$02]みせにきた ひとだわ。\n[F1:$0A][FE][F9]
21C7	60	E2 29 1A 3A 80 08 43 00 0B 16 02 2E 78 10 16 29 2F 0E 16 2F 0E 0B 1E 1B 60 19 01 2E 47 32 17 1E 0F 02 00 23 22 0C 30 2F 0E 72 60 4B 01 27 00 15 0B 07 00 19 54 18 0E 16 29 1E 3F FF	ルナ「もうすぐ たいきんが はいるっていってたのに\n[F1:$02]おかんじょうのとき もめちゃって……。\n[F1:$02]だから あたし おぼえているの。	ルナ「もうすぐ たいきんが はいるっていってたのに\n[F1:$02]おかんじょうのとき もめちゃって……。\n[F1:$02]だから あたし おぼえているの。
2295	18	19 01 20 3A 1A 2E 4B 08 36 00 15 2E 0B 0B 0C 10 36 FF	おかみ「なんだす？ あんたたちは？	おかみ「なんだす？ あんたたちは？
22A7	20	19 01 20 3A 06 15 00 0A 7F 1A 05 0F 00 02 01 2A 0E 23 72 FF	おかみ「さあ そないなこと きかれても……。	おかみ「さあ そないなこと きかれても……。
22CE	14	19 01 20 3A 84 74 08 29 2E 4B 08 36 62 FF	おかみ「なにを するんだす？\n[F1:$0A][FE][F9]	おかみ「なにを するんだす？\n[F1:$0A][FE][F9]
231B	55	19 01 20 3A 19 24 00 05 1E 94 72 0B 07 01 73 05 05 1B 60 0F 1F 2F 0E 69 3F 04 4F 3E D5 FB 73 14 4F 1F 18 00 01 50 2E 2D 60 19 16 0B 1F 1F 00 0A 2A 2F 02 28 4E 72 FF	おかみ「おや このひと……。たしかに ここに\n[F1:$02]とまってました。けど、[GLYPH:$D5][FB:$73]ほどまえ かばんを\n[F1:$02]おいたまま それっきりで……。	おかみ「おや このひと……。たしかに ここに\n[F1:$02]とまってました。けど、[GLYPH:$D5][FB:$73]ほどまえ かばんを\n[F1:$02]おいたまま それっきりで……。
2352	24	19 01 20 3A 1A 2E 0F 00 05 2B 06 2A 1A 06 2F 0B 38 00 15 2C 2C 72 62 FF	おかみ「なんと ころされなさった[GLYPH:$38] あわわ……。\n[F1:$0A][FE][F9]	おかみ「なんと ころされなさった[GLYPH:$38] あわわ……。\n[F1:$0A][FE][F9]
23CF	24	64 05 05 1B 16 0B 00 8D 1B 0D 16 0E 60 02 01 09 0E 23 27 18 68 71 62 FF	くろき「ここにいた おとこについて\n[F1:$02]きかせてもらえますか？\n[F1:$0A][FE][F9]	くろき「ここにいた おとこについて\n[F1:$02]きかせてもらえますか？\n[F1:$0A][FE][F9]
23E7	46	19 01 20 3A 7C 18 50 00 19 01 07 1A 00 94 00 6D 2C 3F 60 16 0D 23 00 11 29 1F 4E 00 1D 0E 0E 00 25 17 41 0B 45 2B 60 4E 01 04 29 3F 62 FF	おかみ「おもえば おかしな ひと でしたわ。\n[F1:$02]いつも ひるまで ねてて ゆうがたごろ\n[F1:$02]でかける。\n[F1:$0A][FE][F9]	おかみ「おもえば おかしな ひと でしたわ。\n[F1:$02]いつも ひるまで ねてて ゆうがたごろ\n[F1:$02]でかける。\n[F1:$0A][FE][F9]
2415	33	19 01 20 3A 4F 2F 77 0F 19 03 01 27 02 0E 16 0B 87 04 4F 60 B4 73 84 2D 07 1B 02 0B 1E 24 27 72 FF	おかみ「どっか とおくからきていたらしいけど\n[F1:$02]とうきょうに なにをしにきたのやら……。	おかみ「どっか とおくからきていたらしいけど\n[F1:$02]とうきょうに なにをしにきたのやら……。
2436	36	64 05 1E 13 24 1B 16 0B 8D 10 60 82 77 16 1A 01 01 27 00 4E 0E 02 0E 60 0A 07 0E 00 05 2B 06 2A 0B 72 62 FF	くろき「このへやにいたおとこは\n[F1:$02]どこか いなかから でてきて\n[F1:$02]そして ころされた……。\n[F1:$0A][FE][F9]	くろき「このへやにいたおとこは\n[F1:$02]どこか いなかから でてきて\n[F1:$02]そして ころされた……。\n[F1:$0A][FE][F9]
245A	46	64 E2 29 1A 73 80 08 43 00 0B 16 02 2E 78 10 16 29 60 1A 4F 0F 00 97 0E 16 0B 87 07 00 84 01 60 02 1A 03 06 16 23 1E 74 01 2E 47 68 70 FF	くろき「ルナに もうすぐ たいきんが はいる\n[F1:$02]などと はなしていたらしいし なにか\n[F1:$02]きなくさいものを かんじますね。	くろき「ルナに もうすぐ たいきんが はいる\n[F1:$02]などと はなしていたらしいし なにか\n[F1:$02]きなくさいものを かんじますね。
2502	24	64 19 24 00 01 50 2E 1E 07 0B 73 E3 10 41 02 41 60 19 0C 0E 16 69 3F FF	くろき「おや かばんのしたに ハガキが\n[F1:$02]おちていました。	くろき「おや かばんのしたに ハガキが\n[F1:$02]おちていました。
253D	34	64 15 2F 3E 0A 17 01 15 35 00 E3 10 41 02 1E 7C 0E 1E 60 15 0E 1A 2D 20 2A 50 00 16 16 2E 6C 70 62 FF	くろき「あっ、そうかあ！ ハガキのおもての\n[F1:$02]あてなをみれば いいんですね。\n[F1:$0A][FE][F9]	くろき「あっ、そうかあ！ ハガキのおもての\n[F1:$02]あてなをみれば いいんですね。\n[F1:$0A][FE][F9]
255F	30	64 18 33 0F 72 14 2F 01 16 4F 17 00 03 07 2B 07 60 CF 3D 3D 3E A4 00 52 2E 02 0C 3F 62 FF	くろき「えーと……。ほっかいどう くしろし\n[F1:$02]みどりがおか……、ますだ ぶんきち。\n[F1:$0A][FE][F9]	くろき「えーと……。ほっかいどう くしろし\n[F1:$02]みどりがおか……、ますだ ぶんきち。\n[F1:$0A][FE][F9]
257D	27	64 63 35 00 24 2F 0F 00 05 2B 06 2A 0B 00 8D 1E 60 20 23 0F 78 7D 28 69 3F 62 FF	くろき「ボス！ やっと ころされた おとこの\n[F1:$02]みもとが わかりました。\n[F1:$0A][FE][F9]	くろき「ボス！ やっと ころされた おとこの\n[F1:$02]みもとが わかりました。\n[F1:$0A][FE][F9]
2598	40	64 05 2A 4E 00 14 2E 01 03 0E 02 1A 00 0A 17 06 41 60 10 47 22 27 2A 68 70 60 23 1E 41 0B 28 75 05 2A 01 27 6C 35 62 FF	くろき「これで ほんかくてきな そうさが\n[F1:$02]はじめられますね。\n[F1:$02]ものがたりは これからです！\n[F1:$0A][FE][F9]	くろき「これで ほんかくてきな そうさが\n[F1:$02]はじめられますね。\n[F1:$02]ものがたりは これからです！\n[F1:$0A][FE][F9]
3362	69	47 31 2E 06 3A 05 27 35 00 15 2E 0B 27 00 84 2D 08 29 1D 35 62 47 31 2E 06 3A 2C 07 75 05 05 76 47 31 2E 06 4B 41 60 01 2E 01 0D 41 16 76 94 73 01 2F 0E 1A E2 1F 1D 2D 60 06 2A 0E 75 05 1F 29 1E 17 3F 62 FF	じゅんさ「こら！ あんたら なにをするね！\n[F1:$0A][FE][F9]じゅんさ「わしは ここの じゅんさだが\n[F1:$02]かんかつがいの ひとに かってなマネを\n[F1:$02]されては こまるのう。\n[F1:$0A][FE][F9]	じゅんさ「こら！ あんたら なにをするね！\n[F1:$0A][FE][F9]じゅんさ「わしは ここの じゅんさだが\n[F1:$02]かんかつがいの ひとに かってなマネを\n[F1:$02]されては こまるのう。\n[F1:$0A][FE][F9]
344E	17	65 A5 00 25 02 19 76 21 08 05 3E 60 A6 93 6C 3F FF	シュン「いいじま ゆきおの むすこ、\n[F1:$02]しんじさんです。	シュン「いいじま ゆきおの むすこ、\n[F1:$02]しんじさんです。
3985	28	65 7A 05 1E 8C 1E 94 1B 60 16 2B 16 2B 0F 00 B3 0E 00 97 2D 60 02 16 0E 20 6B 3F FF	シュン「では このあたりのひとに\n[F1:$02]いろいろと みせて はなしを\n[F1:$02]きいてみましょう。	シュン「では このあたりのひとに\n[F1:$02]いろいろと みせて はなしを\n[F1:$02]きいてみましょう。
3B4A	14	65 05 1E 94 74 07 27 53 29 2E 6C 70 62 FF	シュン「このひとを しらべるんですね。\n[F1:$0A][FE][F9]	シュン「このひとを しらべるんですね。\n[F1:$0A][FE][F9]
3F77	16	65 10 16 00 0F 28 68 26 19 3F E3 0C 33 48 3F FF	シュン「はい とりますよお。チーズ。	シュン「はい とりますよお。チーズ。
3F87	37	F2 AE ED 2C 33 16 00 15 28 41 0F 17 3F 60 99 41 4E 02 0B 27 00 15 1A 0B 0B 0C 1B 23 00 19 03 29 70 F2 B3 ED FF	[F2:$EDAE]わーい ありがとう。\n[F1:$02]しゃしんができたら あなたたちにも おくるね。[F2:$EDB3]	[FC:$63][F0:$B1]わーい ありがとう。\n[F1:$02]しゃしんができたら あなたたちにも おくるね。[F0:$B2]
411B	15	65 F2 7A E8 73 4B 2A 74 26 52 02 00 6C 71 FF	シュン「[F2:$E87A]に だれを よぶき ですか？	シュン「こんなところに だれを よぶき ですか？
463D	7	65 BD 00 6C 3F 62 FF	シュン「しれとこ ごこ です。\n[F1:$0A][FE][F9]	シュン「しれとこ ごこ です。\n[F1:$0A][FE][F9]
4CCD	25	F2 DA ED 15 28 41 0F 17 45 46 16 68 3F D2 D0 D0 18 2E 6C 3F F2 E1 ED 62 FF	[F2:$EDDA]ありがとうございます。[GLYPH:$D2][GLYPH:$D0][GLYPH:$D0]えんです。[F2:$EDE1]\n[F1:$0A][FE][F9]	おばさん「[F0:$81]ありがとうございます。[GLYPH:$D2][GLYPH:$D0][GLYPH:$D0]えんです。[F0:$82]\n[F1:$0A][FE][F9]
4D11	24	F2 DA ED 7E 41 0F 17 45 46 16 68 3F D1 D0 D0 18 2E 6C 3F F2 E1 ED 62 FF	[F2:$EDDA]ありがとうございます。[GLYPH:$D1][GLYPH:$D0][GLYPH:$D0]えんです。[F2:$EDE1]\n[F1:$0A][FE][F9]	おばさん「[F0:$81]ありがとうございます。[GLYPH:$D1][GLYPH:$D0][GLYPH:$D0]えんです。[F0:$82]\n[F1:$0A][FE][F9]
5539	15	1F 16 22 60 6C 6F 63 23 00 8A 00 94 6C 70 FF	まいめ\n[F1:$02]ですよ。ボスも かわった ひとですね。	まいめ\n[F1:$02]ですよ。ボスも かわった ひとですね。
7FA1	7	E5 1D 43 28 47 25 FF	ネグリジユ	ネグリジユ
9E15	87	F2 4F E9 19 50 93 3A 0B 07 01 1B 0A 2A 75 17 0C 4E 17 2F 0B 23 1E 6C 3F 60 1A 16 0E 16 29 86 73 20 18 29 6E 36 62 19 50 93 3A 4F 17 16 17 2C 04 77 94 45 2B 07 76 02 47 41 60 07 2E 52 2E 73 1E 2F 0B 00 0D 42 1E 11 00 02 1F 2F 0E 60 0A 2A 78 1F 47 29 2E 6C 6F FF	[F2:$E94F]おばさん「たしかにそれは うちでうったものです。\n[F1:$02]ないているように みえるでしょう？\n[F1:$0A][FE][F9]おばさん「どういうわけか ひとごろしの きじが\n[F1:$02]しんぶんに のった つぎのひ きまって\n[F1:$02]それが まじるんですよ。	シュン「[F0:$A1]ちょっと これをみてくれますか？[F0:$A2]\n[F1:$0A][FE][F9]おばさん「たしかにそれは うちでうったものです。\n[F1:$02]ないているように みえるでしょう？\n[F1:$0A][FE][F9]おばさん「どういうわけか ひとごろしの きじが\n[F1:$02]しんぶんに のった つぎのひ きまって\n[F1:$02]それが まじるんですよ。
E7BB	21	63 3F 81 00 82 1B 16 2F 0B 27 16 16 1E 01 60 7D 28 6A 41 72 FF	ボス。まだ どこにいったらいいのか\n[F1:$02]わかりませんが……。	ボス。まだ どこにいったらいいのか\n[F1:$02]わかりませんが……。
E7D0	7	F2 82 ED 05 05 78 FF	[F2:$ED82]ここが 	シュン「[F0:$A1]ここが 
E7D7	7	6C 41 72 F2 86 ED FF	ですが……。[F2:$ED86]	ですが……。[F0:$A2]
E7DE	23	7A 8C 1B 16 29 94 1B 60 02 02 05 20 2D 07 0E 20 6B 3F F2 86 ED 62 FF	では あたりにいるひとに\n[F1:$02]ききこみをしてみましょう。[F2:$ED86]\n[F1:$0A][FE][F9]	では あたりにいるひとに\n[F1:$02]ききこみをしてみましょう。[F0:$A2]\n[F1:$0A][FE][F9]
E7F5	20	89 0E 41 01 28 1B 1A 29 00 97 10 60 02 04 6A 6D 6F 63 3F FF	とくに てがかりになる はなしは\n[F1:$02]きけませんでしたよ。ボス。	とくに てがかりになる はなしは\n[F1:$02]きけませんでしたよ。ボス。
E809	3	65 88 FF	シュン「ちょっと 	シュン「ちょっと 
E80C	13	2D 60 02 01 09 0E 23 27 18 68 71 62 FF	を\n[F1:$02]きかせてもらえますか？\n[F1:$0A][FE][F9]	を\n[F1:$02]きかせてもらえますか？\n[F1:$0A][FE][F9]
E819	8	1A 2E 6C 77 05 2A 36 FF	なんですか これ？	なんですか これ？
E821	11	4B 2A 6C 00 05 2A 36 F2 DB DA FF	だれです これ？[F2:$DADB]	だれです これ？\n[F1:$0A][FE][F9][F5:$11,$03]
E82C	12	F2 82 ED 89 8A 0F 05 2B 75 7E 6A FF	[F2:$ED82]とくに かわったところは ありません	シュン「[F0:$A1]とくに かわったところは ありません
E838	6	16 17 1E 6C 71 FF	いうのですか？	いうのですか？
E83E	5	86 1A 23 1E FF	ようなもの	ようなもの
E843	6	50 2E 0F 17 3A FF	ばんとう「	ばんとう「
E865	21	4E 23 00 89 15 24 07 16 47 2E 52 0D 1B 10 60 20 18 6A 41 72 FF	でも とくに あやしいじんぶつには\n[F1:$02]みえませんが……。	でも とくに あやしいじんぶつには\n[F1:$02]みえませんが……。
E87A	7	05 2E 1A 0F 05 2B FF	こんなところ	こんなところ
E881	12	15 2A 3F 97 0C 31 17 00 85 6C 70 FF	あれ。はなしちゅう みたいですね。	あれ。はなしちゅう みたいですね。
E88D	6	16 2F 0B 16 00 FF	いったい 	いったい 
E893	22	A4 36 00 16 18 00 0A 1E 1A 1F 18 1B 60 05 05 2B 8C 75 7E 6A 3F FF	ますだ？ いえ そのなまえに\n[F1:$02]こころあたりは ありません。	ますだ？ いえ そのなまえに\n[F1:$02]こころあたりは ありません。
E8A9	20	4B 2A 01 15 3F 4B 2A 01 15 00 16 6A 01 15 38 F2 86 ED 62 FF	だれかあ。だれかあ いませんかあ[GLYPH:$38][F2:$ED86]\n[F1:$0A][FE][F9]	だれかあ。だれかあ いませんかあ[GLYPH:$38][F0:$A2]\n[F1:$0A][FE][F9]
E8BD	16	80 00 05 1E 94 1E 99 10 60 0F 2F 0E 7E 68 3F FF	もう このひとのしゃしんは\n[F1:$02]とってあります。	もう このひとのしゃしんは\n[F1:$02]とってあります。
E8CD	9	05 2A 78 0A 17 6C 41 72 FF	これが そうですが……。	これが そうですが……。
E8D6	12	90 3A 10 16 00 D1 D1 D0 6C 35 00 FF	けいさつ「はい [GLYPH:$D1][GLYPH:$D1][GLYPH:$D0]です！ 	けいさつ「はい [GLYPH:$D1][GLYPH:$D1][GLYPH:$D0]です！ 
E8E2	45	62 90 3A 15 15 00 0A 1E 47 04 2E 6D 27 00 80 00 90 41 3F 60 7B 84 36 00 15 1A 0B 78 0A 1E 8F 36 60 12 46 04 7F 4E 03 4B 06 16 26 35 FF	\n[F1:$0A][FE][F9]けいさつ「ああ そのじけんでしたら もう けいさつが。\n[F1:$02]え？ なに？ あなたが そのけいじ？\n[F1:$02]ふざけないでくださいよ！	\n[F1:$0A][FE][F9]けいさつ「ああ そのじけんでしたら もう けいさつが。\n[F1:$02]え？ なに？ あなたが そのけいじ？\n[F1:$02]ふざけないでくださいよ！
E90F	29	F2 4F E9 F2 16 EE 8F 93 3F 60 0A 2E 1A 23 76 B3 0E 23 00 21 4B 47 30 26 3F F2 1B EE FF	[F2:$E94F][F2:$EE16]けいじさん。\n[F1:$02]そんなもの みせても むだじゃよ。[F2:$EE1B]	シュン「[F0:$A1]ちょっと これをみてくれますか？[F0:$A2]\n[F1:$0A][FE][F9]うらた「[F0:$81]けいじさん。\n[F1:$02]そんなもの みせても むだじゃよ。[F0:$82]
E92C	22	F2 4F E9 F2 16 EE 8F 93 00 80 00 01 18 2F 0E 03 2A 3F F2 1B EE FF	[F2:$E94F][F2:$EE16]けいじさん もう かえってくれ。[F2:$EE1B]	シュン「[F0:$A1]ちょっと これをみてくれますか？[F0:$A2]\n[F1:$0A][FE][F9]うらた「[F0:$81]けいじさん もう かえってくれ。[F0:$82]
E942	13	64 88 05 2A 74 20 0E 03 2A 68 71 62 FF	くろき「ちょっと これを みてくれますか？\n[F1:$0A][FE][F9]	くろき「ちょっと これを みてくれますか？\n[F1:$0A][FE][F9]
E94F	18	F2 82 ED 88 05 2A 2D 20 0E 03 2A 68 71 F2 86 ED 62 FF	[F2:$ED82]ちょっと これをみてくれますか？[F2:$ED86]\n[F1:$0A][FE][F9]	シュン「[F0:$A1]ちょっと これをみてくれますか？[F0:$A2]\n[F1:$0A][FE][F9]
E961	11	15 27 00 99 75 01 2E 53 2E 70 FF	あら しゃしんは かんべんね。	あら しゃしんは かんべんね。
E96C	11	F2 64 EC 65 23 17 16 0C 4F 00 FF	[F2:$EC64]シュン「もういちど 	シュン「さあ そうさを ぞっこうしましょう！\n[F1:$0A][FE][F9]シュン「ところで ボス。\n[F1:$02]ぼくは おもうんですがね……。\n[F1:$0A][FE][F9]シュン「もういちど 
E977	9	A4 00 0B 18 00 4B 41 3F FF	ますだ たえ だが。	ますだ たえ だが。
E980	5	65 F2 2D 1B FF	シュン「[F2:$1B2D]	シュン「ここには とるようなものは\n[F1:$02]みあたりませんが……。
E985	48	17 33 2E 3F 20 0B 05 0F 78 15 29 86 1A 02 23 07 68 78 60 0A 2A 78 82 4E 00 16 0D 4B 2F 0B 01 1F 4E 10 72 60 4F 17 23 00 08 16 6A 3F F2 DB DA FF	うーん。みたことが あるようなきもしますが \n[F1:$02]それが どこで いつだったかまでは……。\n[F1:$02]どうも すいません。[F2:$DADB]	うーん。みたことが あるようなきもしますが \n[F1:$02]それが どこで いつだったかまでは……。\n[F1:$02]どうも すいません。\n[F1:$0A][FE][F9][F5:$11,$03]
E9B5	32	1A 01 1A 77 01 2F 57 03 1E 16 16 00 94 00 6C 70 60 16 18 00 05 05 2B 8C 78 7E 6A 3F F2 DB DA FF	なかなか かっぷくのいい ひと ですね。\n[F1:$02]いえ こころあたりが ありません。[F2:$DADB]	なかなか かっぷくのいい ひと ですね。\n[F1:$02]いえ こころあたりが ありません。\n[F1:$0A][FE][F9][F5:$11,$03]
E9D5	27	8F 93 00 16 1F 06 27 00 0A 2E 1A 23 1E 74 B3 0E 60 1A 2E 76 19 0D 23 28 6C 71 FF	けいじさん いまさら そんなものを みせて\n[F1:$02]なんの おつもりですか？	けいじさん いまさら そんなものを みせて\n[F1:$02]なんの おつもりですか？
E9F0	6	65 BC 00 6C 3F FF	シュン「ましゅうこ です。	シュン「ましゅうこ です。
E9F6	48	3D 3D 36 60 0A 2E 1A 00 1A 1F 18 1E 94 00 07 27 7F 2C 3F 60 AB 75 07 2F 0E 29 36 F2 B3 ED 62 F2 B6 ED 72 16 16 18 00 07 27 7F 2C 3F F2 BB ED FF	……？\n[F1:$02]そんな なまえのひと しらないわ。\n[F1:$02]まきこは しってる？[F2:$EDB3]\n[F1:$0A][FE][F9][F2:$EDB6]……。いいえ しらないわ。[F2:$EDBB]	……？\n[F1:$02]そんな なまえのひと しらないわ。\n[F1:$02]まきこは しってる？[F0:$B2]\n[F1:$0A][FE][F9][FC:$5C][F0:$A9]……。いいえ しらないわ。[F0:$AA]
EA26	14	65 F2 7A E8 73 4B 2A 74 26 52 2E 6C 71 FF	シュン「[F2:$E87A]に だれを よぶんですか？	シュン「こんなところに だれを よぶんですか？
EA34	9	99 24 3A F0 09 11 19 80 FF	しゃしんや「[F0:$09,$11,$19,$80]	しゃしんや「[F0:$09,$11,$19,$80]
EA37	6	F0 09 11 19 80 FF	[F0:$09,$11,$19,$80]	[F0:$09,$11,$19,$80]
EA3D	28	F2 34 EA 18 00 88 E4 27 16 0B 33 2D 60 01 07 0E 03 2A 2F 0E 36 00 16 16 6C 6F 62 FF	[F2:$EA34]え ちょっと ライターを\n[F1:$02]かしてくれって？ いいですよ。\n[F1:$0A][FE][F9]	しゃしんや「[F0:$09,$11,$19,$80]え ちょっと ライターを\n[F1:$02]かしてくれって？ いいですよ。\n[F1:$0A][FE][F9]
EA59	29	65 20 48 17 20 76 0C 31 17 19 17 73 E6 01 21 16 2F 07 31 1E 60 07 1F 78 20 18 68 3F FF	シュン「みずうみの ちゅうおうに カムイッシュの\n[F1:$02]しまが みえます。	シュン「みずうみの ちゅうおうに カムイッシュの\n[F1:$02]しまが みえます。
EA76	38	F2 EF ED 15 2F 00 0A 17 4B 3F 04 06 00 99 24 41 02 0E 60 0A 1E 94 76 99 74 19 16 0E 16 2F 0B 2E 6C 3F F2 F5 ED FF	[F2:$EDEF]あっ そうだ。けさ しゃしんやがきて\n[F1:$02]そのひとの しゃしんを おいていったんです。[F2:$EDF5]	ばんとう「[F0:$81]あっ そうだ。けさ しゃしんやがきて\n[F1:$02]そのひとの しゃしんを おいていったんです。[F0:$82]
EA9C	22	F2 82 ED 05 1E 8C 1B 75 2C 2A 2C 2A 07 77 16 6A 41 3F F2 86 ED FF	[F2:$ED82]このあたりには われわれしか いませんが。[F2:$ED86]	シュン「[F0:$A1]このあたりには われわれしか いませんが。[F0:$A2]
EAB2	24	65 94 75 16 1A 03 0E 00 8C 10 60 07 48 1F 28 01 18 2F 0E 00 16 68 3F FF	シュン「ひとは いなくて あたりは\n[F1:$02]しずまりかえって います。	シュン「ひとは いなくて あたりは\n[F1:$02]しずまりかえって います。
EACA	21	65 63 3F 80 00 82 77 14 01 1E 60 0F 05 2B 13 00 16 02 6B 6F FF	シュン「ボス。もう どこか ほかの\n[F1:$02]ところへ いきましょうよ。	シュン「ボス。もう どこか ほかの\n[F1:$02]ところへ いきましょうよ。
EADF	34	65 20 48 17 20 76 0C 31 17 19 17 73 A0 1E 60 07 1F 78 20 18 68 41 3E 89 8A 60 0F 05 2B 75 7E 6A 3F FF	シュン「みずうみの ちゅうおうに カムイッシュの\n[F1:$02]しまが みえますが、とくに かわった\n[F1:$02]ところは ありません。	シュン「みずうみの ちゅうおうに カムイッシュの\n[F1:$02]しまが みえますが、とくに かわった\n[F1:$02]ところは ありません。
EB01	189	62 65 18 33 0F 3E 16 0C 50 2E 00 17 18 76 11 02 4B 07 00 1B 10 60 E4 10 2E 01 0C 0F 77 03 0D 07 0B 78 10 16 2F 0E 16 68 3F 62 65 0A 1E 07 0B 76 11 02 4B 07 1B 10 3D 3D E4 52 27 17 08 0F 01 60 E4 09 33 0B 33 1A 2E 01 78 10 16 2F 0E 16 68 3F 62 65 0A 1E 07 0B 76 11 02 4B 07 1B 75 E4 55 2E 0E 3D 3D 16 24 3E 60 18 33 0F 3E 07 0B 42 29 16 00 78 10 16 2F 0E 16 68 3F 62 65 0A 1E 07 0B 76 11 02 4B 07 1B 10 3D 3D E2 52 27 3D 3D 60 16 24 0A 1E 3E 24 2F 55 28 07 0B 42 78 10 16 2F 0E 16 68 3F 62 65 04 2F 02 32 03 00 89 15 24 07 16 00 23 1E 10 60 10 16 2F 0E 16 6A 6D 3F FF	\n[F1:$0A][FE][F9]シュン「えーと、いちばん うえの ひきだし には\n[F1:$02]ハンカチとか くつしたが はいっています。\n[F1:$0A][FE][F9]シュン「そのしたの ひきだしには……ブラウスとか\n[F1:$02]セーターなんかが はいっています。\n[F1:$0A][FE][F9]シュン「そのしたの ひきだしには パンテ……いや、\n[F1:$02]えーと、したぎるい が はいっています。\n[F1:$0A][FE][F9]シュン「そのしたの ひきだしには……ブラ……\n[F1:$02]いやその、やっぱりしたぎが はいっています。\n[F1:$0A][FE][F9]シュン「けっきょく とくに あやしい ものは\n[F1:$02]はいっていませんでした。	\n[F1:$0A][FE][F9]シュン「えーと、いちばん うえの ひきだし には\n[F1:$02]ハンカチとか くつしたが はいっています。\n[F1:$0A][FE][F9]シュン「そのしたの ひきだしには……ブラウスとか\n[F1:$02]セーターなんかが はいっています。\n[F1:$0A][FE][F9]シュン「そのしたの ひきだしには パンテ……いや、\n[F1:$02]えーと、したぎるい が はいっています。\n[F1:$0A][FE][F9]シュン「そのしたの ひきだしには……ブラ……\n[F1:$02]いやその、やっぱりしたぎが はいっています。\n[F1:$0A][FE][F9]シュン「けっきょく とくに あやしい ものは\n[F1:$02]はいっていませんでした。
EBBE	20	06 15 00 0A 17 16 17 00 1A 1F 18 76 94 10 60 07 27 7F 70 FF	さあ そういう なまえの ひとは\n[F1:$02]しらないね。	さあ そういう なまえの ひとは\n[F1:$02]しらないね。
EBD2	18	F2 DA ED 05 2A 78 4F 17 01 07 0B 4B 01 36 F2 E1 ED FF	[F2:$EDDA]これが どうかしただか？[F2:$EDE1]	おばさん「[F0:$81]これが どうかしただか？[F0:$82]
EBE4	58	F2 5A ED 17 33 21 3F 05 05 27 4E 00 16 0C 50 2E 00 19 19 02 1A 60 E2 47 05 10 72 07 32 17 2C D2 D4 1D 2E 76 18 16 12 03 1F 29 60 0C 2E 54 0D 6E 3F 18 33 0F 72 F2 5F ED 62 FF	[F2:$ED5A]うーむ。ここらで いちばん おおきな\n[F1:$02]ジコは……。しょうわ[GLYPH:$D2][GLYPH:$D4]ねんの えいふくまる\n[F1:$02]ちんぼつでしょう。えーと……。[F2:$ED5F]\n[F1:$0A][FE][F9]	おとこ「[F0:$81]うーむ。ここらで いちばん おおきな\n[F1:$02]ジコは……。しょうわ[GLYPH:$D2][GLYPH:$D4]ねんの えいふくまる\n[F1:$02]ちんぼつでしょう。えーと……。[F0:$82]\n[F1:$0A][FE][F9]
EC1E	8	1A 2E 6C 77 0A 2A 36 FF	なんですか それ？	なんですか それ？
EC26	17	F2 0C EE 0A 2A 78 4F 17 01 07 0B 4B 71 F2 13 EE FF	[F2:$EE0C]それが どうかしただか？[F2:$EE13]	おばば「[F0:$81]それが どうかしただか？[F0:$82]
EC37	18	1F 16 00 6C 70 60 7A 54 03 01 27 00 11 02 68 3F 62 FF	まい ですね。\n[F1:$02]では ぼくから ひきます。\n[F1:$0A][FE][F9]	まい ですね。\n[F1:$02]では ぼくから ひきます。\n[F1:$0A][FE][F9]
EC49	10	65 54 03 75 FD 00 6C 3F 62 FF	シュン「ぼくは [FD:$00]です。\n[F1:$0A][FE][F9]	シュン「ぼくは [FD:$00]です。\n[F1:$0A][FE][F9]
EC53	17	65 06 15 00 0A 17 06 74 4A 2F 05 17 07 6B 35 62 FF	シュン「さあ そうさを ぞっこうしましょう！\n[F1:$0A][FE][F9]	シュン「さあ そうさを ぞっこうしましょう！\n[F1:$0A][FE][F9]
EC64	24	F2 53 EC 65 0F 05 2B 4E 00 63 3F 60 54 03 75 7C 17 2E 6C 41 1D 72 62 FF	[F2:$EC53]シュン「ところで ボス。\n[F1:$02]ぼくは おもうんですがね……。\n[F1:$0A][FE][F9]	シュン「さあ そうさを ぞっこうしましょう！\n[F1:$0A][FE][F9]シュン「ところで ボス。\n[F1:$02]ぼくは おもうんですがね……。\n[F1:$0A][FE][F9]
EC7C	12	16 2F 0E 20 0E 10 4F 17 6E 71 62 FF	いってみてはどうでしょうか？\n[F1:$0A][FE][F9]	いってみてはどうでしょうか？\n[F1:$0A][FE][F9]
EC88	20	63 3F 07 27 53 86 0F 07 69 41 60 0E 78 0F 4F 02 6A 6D 3F FF	ボス。しらべようとしましたが\n[F1:$02]てが とどきませんでした。	ボス。しらべようとしましたが\n[F1:$02]てが とどきませんでした。
EC9C	17	63 3F 07 27 53 29 1B 10 60 88 0F 19 08 42 68 6F FF	ボス。しらべるには\n[F1:$02]ちょっと とおすぎますよ。	ボス。しらべるには\n[F1:$02]ちょっと とおすぎますよ。
ECAD	36	7B 15 2E 1A 0F 05 2B 2D 60 07 27 53 2B 2F 0E 16 17 2E 6C 71 60 63 23 00 22 0C 30 03 0C 30 00 16 16 68 70 FF	え？ あんなところを\n[F1:$02]しらべろっていうんですか？\n[F1:$02]ボスも めちゃくちゃ いいますね。	え？ あんなところを\n[F1:$02]しらべろっていうんですか？\n[F1:$02]ボスも めちゃくちゃ いいますね。
ECD1	15	F2 82 ED 7A 88 20 0E 02 68 3F F2 86 ED 62 FF	[F2:$ED82]では ちょっと みてきます。[F2:$ED86]\n[F1:$0A][FE][F9]	シュン「[F0:$A1]では ちょっと みてきます。[F0:$A2]\n[F1:$0A][FE][F9]
ECE0	16	65 2C 15 35 00 16 16 1E 41 02 0B 1A 15 3F 62 FF	シュン「わあ！ いいのがきたなあ。\n[F1:$0A][FE][F9]	シュン「わあ！ いいのがきたなあ。\n[F1:$0A][FE][F9]
ECF0	15	65 17 33 2E 3E 4F 17 07 86 01 1A 15 3F 62 FF	シュン「うーん、どうしようかなあ。\n[F1:$0A][FE][F9]	シュン「うーん、どうしようかなあ。\n[F1:$0A][FE][F9]
ECFF	17	65 17 2C 2F 35 00 1F 16 2F 0C 30 2F 0B 1A 3F 62 FF	シュン「うわっ！ まいっちゃったな。\n[F1:$0A][FE][F9]	シュン「うわっ！ まいっちゃったな。\n[F1:$0A][FE][F9]
ED10	10	65 05 2A 4E 16 16 24 3F 62 FF	シュン「これでいいや。\n[F1:$0A][FE][F9]	シュン「これでいいや。\n[F1:$0A][FE][F9]
ED1A	13	65 18 33 16 3E 80 16 0C 1F 16 35 62 FF	シュン「えーい、もういちまい！\n[F1:$0A][FE][F9]	シュン「えーい、もういちまい！\n[F1:$0A][FE][F9]
ED27	13	65 05 28 30 15 00 01 2F 0B 1A 3F 62 FF	シュン「こりゃあ かったな。\n[F1:$0A][FE][F9]	シュン「こりゃあ かったな。\n[F1:$0A][FE][F9]
ED34	15	65 24 2F 0B 3F 50 2F 0C 28 4B 49 2F 35 62 FF	シュン「やった。ばっちりだぜっ！\n[F1:$0A][FE][F9]	シュン「やった。ばっちりだぜっ！\n[F1:$0A][FE][F9]
ED43	11	66 3D 3D 3D 3D 3D 3D 3D 3D 72 FF	＊「…………………………。	＊「…………………………。
ED4E	12	15 2A 36 00 02 2A 0C 30 16 69 3F FF	あれ？ きれちゃいました。	あれ？ きれちゃいました。
ED5A	5	8D 3A F0 81 FF	おとこ「[F0:$81]	おとこ「[F0:$81]
ED5F	3	F0 82 FF	[F0:$82]	[F0:$82]
ED62	8	E3 15 04 20 3A F0 81 FF	アケミ「[F0:$81]	アケミ「[F0:$81]
ED6A	3	F0 82 FF	[F0:$82]	[F0:$82]
ED6D	7	E2 29 1A 3A F0 89 FF	ルナ「[F0:$89]	ルナ「[F0:$89]
ED74	3	F0 8A FF	[F0:$8A]	[F0:$8A]
ED77	8	E3 24 1F 53 3A F0 A9 FF	ヤマベ「[F0:$A9]	ヤマベ「[F0:$A9]
ED7F	3	F0 AA FF	[F0:$AA]	[F0:$AA]
ED82	4	65 F0 A1 FF	シュン「[F0:$A1]	シュン「[F0:$A1]
ED86	3	F0 A2 FF	[F0:$A2]	[F0:$A2]
ED89	6	FC 4E F0 00 89 FF	[FC:$4E][F0:$00,$89]	[FC:$4E][F0:$00,$89]
ED8F	4	F0 08 81 FF	[F0:$08,$81]	[F0:$08,$81]
ED93	8	18 02 16 2E 3A F0 81 FF	えきいん「[F0:$81]	えきいん「[F0:$81]
ED9B	3	F0 82 FF	[F0:$82]	[F0:$82]
ED9E	5	A6 3A F0 81 FF	しんじ「[F0:$81]	しんじ「[F0:$81]
EDA3	3	F0 82 FF	[F0:$82]	[F0:$82]
EDA6	5	FC 15 F0 81 FF	[FC:$15][F0:$81]	[FC:$15][F0:$81]
EDAB	3	F0 82 FF	[F0:$82]	[F0:$82]
EDAE	5	FC 63 F0 B1 FF	[FC:$63][F0:$B1]	[FC:$63][F0:$B1]
EDB3	3	F0 B2 FF	[F0:$B2]	[F0:$B2]
EDB6	5	FC 5C F0 A9 FF	[FC:$5C][F0:$A9]	[FC:$5C][F0:$A9]
EDBB	3	F0 AA FF	[F0:$AA]	[F0:$AA]
EDBE	5	A7 3A F0 81 FF	ゲンさん「[F0:$81]	ゲンさん「[F0:$81]
EDC3	3	F0 82 FF	[F0:$82]	[F0:$82]
EDC6	7	1A 01 1E 3A F0 81 FF	なかの「[F0:$81]	なかの「[F0:$81]
EDCD	3	F0 82 FF	[F0:$82]	[F0:$82]
EDD0	7	25 20 05 3A F0 89 FF	ゆみこ「[F0:$89]	ゆみこ「[F0:$89]
EDD7	3	F0 8A FF	[F0:$8A]	[F0:$8A]
EDDA	7	19 50 93 3A F0 81 FF	おばさん「[F0:$81]	おばさん「[F0:$81]
EDE1	3	F0 82 FF	[F0:$82]	[F0:$82]
EDE4	8	09 2E 16 2E 3A F0 81 FF	せんいん「[F0:$81]	せんいん「[F0:$81]
EDEC	3	F0 82 FF	[F0:$82]	[F0:$82]
EDEF	6	F2 43 E8 F0 81 FF	[F2:$E843][F0:$81]	ばんとう「[F0:$81]
EDF5	3	F0 82 FF	[F0:$82]	[F0:$82]
EDF8	7	0F 03 05 3A F0 81 FF	とくこ「[F0:$81]	とくこ「[F0:$81]
EDFF	3	F0 82 FF	[F0:$82]	[F0:$82]
EE02	7	19 50 93 3A F0 91 FF	おばさん「[F0:$91]	おばさん「[F0:$91]
EE09	3	F0 92 FF	[F0:$92]	[F0:$92]
EE0C	7	19 50 50 3A F0 81 FF	おばば「[F0:$81]	おばば「[F0:$81]
EE13	3	F0 82 FF	[F0:$82]	[F0:$82]
EE16	5	AD 3A F0 81 FF	うらた「[F0:$81]	うらた「[F0:$81]
EE1B	3	F0 82 FF	[F0:$82]	[F0:$82]
